fecha,Total viajeros,mes_x,ano_x,tmed,tmin,tmax,dir,velmedia,racha,presMax,presMin,sol,tmedStd,tminStd,tmaxStd,dirStd,velmediaStd,rachaStd,presMaxStd,presMinStd,solStd,mes_y,ano_y,festividad
01/01/1987,68.718,,,,,,,,,,,,,,,,,,,,,,,
01/02/1987,68.782,,,,,,,,,,,,,,,,,,,,,,,
01/03/1987,73.381,,,,,,,,,,,,,,,,,,,,,,,
01/04/1987,64.015,,,,,,,,,,,,,,,,,,,,,,,
01/05/1987,70.526,,,,,,,,,,,,,,,,,,,,,,,
01/06/1987,67.444,,,,,,,,,,,,,,,,,,,,,,,
01/07/1987,59.195,,,,,,,,,,,,,,,,,,,,,,,
01/08/1987,35.349,,,,,,,,,,,,,,,,,,,,,,,
01/09/1987,62.362,,,,,,,,,,,,,,,,,,,,,,,
01/10/1987,75.861,,,,,,,,,,,,,,,,,,,,,,,
01/11/1987,75.172,,,,,,,,,,,,,,,,,,,,,,,
01/12/1987,73.045,,,,,,,,,,,,,,,,,,,,,,,
01/01/1988,71.254,,,,,,,,,,,,,,,,,,,,,,,
01/02/1988,74.079,,,,,,,,,,,,,,,,,,,,,,,
01/03/1988,73.26,,,,,,,,,,,,,,,,,,,,,,,
01/04/1988,71.708,,,,,,,,,,,,,,,,,,,,,,,
01/05/1988,76.725,,,,,,,,,,,,,,,,,,,,,,,
01/06/1988,69.898,,,,,,,,,,,,,,,,,,,,,,,
01/07/1988,58.393,,,,,,,,,,,,,,,,,,,,,,,
01/08/1988,37.356,,,,,,,,,,,,,,,,,,,,,,,
01/09/1988,63.111,,,,,,,,,,,,,,,,,,,,,,,
01/10/1988,76.192,,,,,,,,,,,,,,,,,,,,,,,
01/11/1988,78.208,,,,,,,,,,,,,,,,,,,,,,,
01/12/1988,72.167,,,,,,,,,,,,,,,,,,,,,,,
01/01/1989,77.143,,,,,,,,,,,,,,,,,,,,,,,
01/02/1989,73.902,,,,,,,,,,,,,,,,,,,,,,,
01/03/1989,74.781,,,,,,,,,,,,,,,,,,,,,,,
01/04/1989,74.392,,,,,,,,,,,,,,,,,,,,,,,
01/05/1989,71.318,,,,,,,,,,,,,,,,,,,,,,,
01/06/1989,75.054,,,,,,,,,,,,,,,,,,,,,,,
01/07/1989,60.187,,,,,,,,,,,,,,,,,,,,,,,
01/08/1989,37.817,,,,,,,,,,,,,,,,,,,,,,,
01/09/1989,63.849,,,,,,,,,,,,,,,,,,,,,,,
01/10/1989,79.904,,,,,,,,,,,,,,,,,,,,,,,
01/11/1989,80.075,,,,,,,,,,,,,,,,,,,,,,,
01/12/1989,74.539,,,,,,,,,,,,,,,,,,,,,,,
01/01/1990,81.276,,,,,,,,,,,,,,,,,,,,,,,
01/02/1990,77.416,,,,,,,,,,,,,,,,,,,,,,,
01/03/1990,64.703,,,,,,,,,,,,,,,,,,,,,,,
01/04/1990,59.451,,,,,,,,,,,,,,,,,,,,,,,
01/05/1990,79.341,,,,,,,,,,,,,,,,,,,,,,,
01/06/1990,74.103,,,,,,,,,,,,,,,,,,,,,,,
01/07/1990,61.752,,,,,,,,,,,,,,,,,,,,,,,
01/08/1990,38.162,,,,,,,,,,,,,,,,,,,,,,,
01/09/1990,62.7,,,,,,,,,,,,,,,,,,,,,,,
01/10/1990,83.639,,,,,,,,,,,,,,,,,,,,,,,
01/11/1990,81.299,,,,,,,,,,,,,,,,,,,,,,,
01/12/1990,75.039,,,,,,,,,,,,,,,,,,,,,,,
01/01/1991,77.8,,,,,,,,,,,,,,,,,,,,,,,
01/02/1991,75.159,,,,,,,,,,,,,,,,,,,,,,,
01/03/1991,72.572,,,,,,,,,,,,,,,,,,,,,,,
01/04/1991,84.11,,,,,,,,,,,,,,,,,,,,,,,
01/05/1991,78.26,,,,,,,,,,,,,,,,,,,,,,,
01/06/1991,74.287,,,,,,,,,,,,,,,,,,,,,,,
01/07/1991,64.664,,,,,,,,,,,,,,,,,,,,,,,
01/08/1991,38.146,,,,,,,,,,,,,,,,,,,,,,,
01/09/1991,65.997,,,,,,,,,,,,,,,,,,,,,,,
01/10/1991,87.259,,,,,,,,,,,,,,,,,,,,,,,
01/11/1991,83.117,,,,,,,,,,,,,,,,,,,,,,,
01/12/1991,77.914,,,,,,,,,,,,,,,,,,,,,,,
01/01/1992,81.547,,,,,,,,,,,,,,,,,,,,,,,
01/02/1992,43.945,,,,,,,,,,,,,,,,,,,,,,,
01/03/1992,69.633,,,,,,,,,,,,,,,,,,,,,,,
01/04/1992,70.908,,,,,,,,,,,,,,,,,,,,,,,
01/05/1992,75.92,,,,,,,,,,,,,,,,,,,,,,,
01/06/1992,78.803,,,,,,,,,,,,,,,,,,,,,,,
01/07/1992,66.069,,,,,,,,,,,,,,,,,,,,,,,
01/08/1992,37.818,,,,,,,,,,,,,,,,,,,,,,,
01/09/1992,66.917,,,,,,,,,,,,,,,,,,,,,,,
01/10/1992,83.384,,,,,,,,,,,,,,,,,,,,,,,
01/11/1992,83.161,,,,,,,,,,,,,,,,,,,,,,,
01/12/1992,80.155,,,,,,,,,,,,,,,,,,,,,,,
01/01/1993,76.965,,,,,,,,,,,,,,,,,,,,,,,
01/02/1993,76.026,,,,,,,,,,,,,,,,,,,,,,,
01/03/1993,85.458,,,,,,,,,,,,,,,,,,,,,,,
01/04/1993,73.385,,,,,,,,,,,,,,,,,,,,,,,
01/05/1993,83.168,,,,,,,,,,,,,,,,,,,,,,,
01/06/1993,79.76,,,,,,,,,,,,,,,,,,,,,,,
01/07/1993,64.039,,,,,,,,,,,,,,,,,,,,,,,
01/08/1993,38.069,,,,,,,,,,,,,,,,,,,,,,,
01/09/1993,67.812,,,,,,,,,,,,,,,,,,,,,,,
01/10/1993,80.387,,,,,,,,,,,,,,,,,,,,,,,
01/11/1993,82.76,,,,,,,,,,,,,,,,,,,,,,,
01/12/1993,81.845,,,,,,,,,,,,,,,,,,,,,,,
01/01/1994,77.23,,,,,,,,,,,,,,,,,,,,,,,
01/02/1994,78.39,,,,,,,,,,,,,,,,,,,,,,,
01/03/1994,85.017,,,,,,,,,,,,,,,,,,,,,,,
01/04/1994,80.511,,,,,,,,,,,,,,,,,,,,,,,
01/05/1994,83.877,,,,,,,,,,,,,,,,,,,,,,,
01/06/1994,79.65,,,,,,,,,,,,,,,,,,,,,,,
01/07/1994,60.401,,,,,,,,,,,,,,,,,,,,,,,
01/08/1994,39.476,,,,,,,,,,,,,,,,,,,,,,,
01/09/1994,67.679,,,,,,,,,,,,,,,,,,,,,,,
01/10/1994,83.939,,,,,,,,,,,,,,,,,,,,,,,
01/11/1994,86.078,,,,,,,,,,,,,,,,,,,,,,,
01/12/1994,79.831,,,,,,,,,,,,,,,,,,,,,,,
01/01/1995,47.97,,,,,,,,,,,,,,,,,,,,,,,
01/02/1995,45.702,,,,,,,,,,,,,,,,,,,,,,,
01/03/1995,51.285,,,,,,,,,,,,,,,,,,,,,,,
01/04/1995,42.04,,,,,,,,,,,,,,,,,,,,,,,
01/05/1995,48.486,,,,,,,,,,,,,,,,,,,,,,,
01/06/1995,47.953,,,,,,,,,,,,,,,,,,,,,,,
01/07/1995,37.528,,,,,,,,,,,,,,,,,,,,,,,
01/08/1995,24.702,,,,,,,,,,,,,,,,,,,,,,,
01/09/1995,39.941,,,,,,,,,,,,,,,,,,,,,,,
01/10/1995,49.705,,,,,,,,,,,,,,,,,,,,,,,
01/11/1995,48.813,,,,,,,,,,,,,,,,,,,,,,,
01/12/1995,45.413,,,,,,,,,,,,,,,,,,,,,,,
01/01/1996,87.193,,,,,,,,,,,,,,,,,,,,,,,
01/02/1996,84.395,,,,,,,,,,,,,,,,,,,,,,,
01/03/1996,86.063,,,,,,,,,,,,,,,,,,,,,,,
01/04/1996,79.175,,,,,,,,,,,,,,,,,,,,,,,
01/05/1996,83.916,,,,,,,,,,,,,,,,,,,,,,,
01/06/1996,79.936,,,,,,,,,,,,,,,,,,,,,,,
01/07/1996,68.261,,,,,,,,,,,,,,,,,,,,,,,
01/08/1996,41.72,,,,,,,,,,,,,,,,,,,,,,,
01/09/1996,71.646,,,,,,,,,,,,,,,,,,,,,,,
01/10/1996,93.538,,,,,,,,,,,,,,,,,,,,,,,
01/11/1996,88.142,,,,,,,,,,,,,,,,,,,,,,,
01/12/1996,86.142,,,,,,,,,,,,,,,,,,,,,,,
01/01/1997,87.498,,,,,,,,,,,,,,,,,,,,,,,
01/02/1997,82.833,,,,,,,,,,,,,,,,,,,,,,,
01/03/1997,81.29,,,,,,,,,,,,,,,,,,,,,,,
01/04/1997,91.68,,,,,,,,,,,,,,,,,,,,,,,
01/05/1997,84.534,,,,,,,,,,,,,,,,,,,,,,,
01/06/1997,84.289,,,,,,,,,,,,,,,,,,,,,,,
01/07/1997,71.068,,,,,,,,,,,,,,,,,,,,,,,
01/08/1997,43.216,,,,,,,,,,,,,,,,,,,,,,,
01/09/1997,73.008,,,,,,,,,,,,,,,,,,,,,,,
01/10/1997,96.581,,,,,,,,,,,,,,,,,,,,,,,
01/11/1997,90.859,,,,,,,,,,,,,,,,,,,,,,,
01/12/1997,90.874,,,,,,,,,,,,,,,,,,,,,,,
01/01/1998,87.377,,,,,,,,,,,,,,,,,,,,,,,
01/02/1998,84.594,,,,,,,,,,,,,,,,,,,,,,,
01/03/1998,91.894,,,,,,,,,,,,,,,,,,,,,,,
01/04/1998,81.627,,,,,,,,,,,,,,,,,,,,,,,
01/05/1998,86.877,,,,,,,,,,,,,,,,,,,,,,,
01/06/1998,87.606,,,,,,,,,,,,,,,,,,,,,,,
01/07/1998,73.075,,,,,,,,,,,,,,,,,,,,,,,
01/08/1998,44.922,,,,,,,,,,,,,,,,,,,,,,,
01/09/1998,76.555,,,,,,,,,,,,,,,,,,,,,,,
01/10/1998,93.744,,,,,,,,,,,,,,,,,,,,,,,
01/11/1998,89.837,,,,,,,,,,,,,,,,,,,,,,,
01/12/1998,92.394,,,,,,,,,,,,,,,,,,,,,,,
01/01/1999,83.62,,,,,,,,,,,,,,,,,,,,,,,
01/02/1999,83.59,,,,,,,,,,,,,,,,,,,,,,,
01/03/1999,92.522,,,,,,,,,,,,,,,,,,,,,,,
01/04/1999,87.565,,,,,,,,,,,,,,,,,,,,,,,
01/05/1999,92.822,,,,,,,,,,,,,,,,,,,,,,,
01/06/1999,89.445,,,,,,,,,,,,,,,,,,,,,,,
01/07/1999,73.57,,,,,,,,,,,,,,,,,,,,,,,
01/08/1999,47.097,,,,,,,,,,,,,,,,,,,,,,,
01/09/1999,78.222,,,,,,,,,,,,,,,,,,,,,,,
01/10/1999,92.337,,,,,,,,,,,,,,,,,,,,,,,
01/11/1999,94.628,,,,,,,,,,,,,,,,,,,,,,,
01/12/1999,93.225,,,,,,,,,,,,,,,,,,,,,,,
01/01/2000,89.763,01,2000,4.809677419354839,0.6032258064516128,9.016129032258064,7.580645161290323,1.4967741935483871,6.47741935483871,948.1064516129032,943.7709677419356,6.348387096774194,1.8076420808537064,1.485369509800562,2.9230231809086002,6.917486024794398,0.9232131826643082,2.526355699081103,4.425677762322283,5.44029371439857,2.9682622264822376,,,
01/02/2000,92.705,02,2000,10.748275862068965,5.448275862068965,16.03103448275862,16.413793103448278,1.420689655172414,6.93448275862069,951.0931034482759,948.0586206896552,7.506896551724138,1.273246887083561,1.3007197704279991,1.8162173108405952,11.527969841648213,0.567185602240715,2.6554897129839437,2.976806898397136,3.0856253408088903,2.3156194842976925,,,
01/03/2000,102.479,03,2000,12.080645161290322,6.77741935483871,17.38064516129032,13.64516129032258,2.070967741935484,9.219354838709679,944.2096774193549,940.7354838709678,7.683870967741935,2.6566168152795018,2.1408268928024605,3.629271676690217,11.122195188291366,0.9220244206408332,2.2532079878606726,5.756060854363832,5.7904834793591835,3.0599669686881206,,,
01/04/2000,83.902,04,2000,10.683333333333334,6.2733333333333325,15.103333333333333,22.133333333333333,2.7133333333333334,11.303333333333335,935.19,929.6733333333334,5.489999999999999,2.226808963723548,2.156135325119897,2.8643448228814585,6.398994173835574,1.0552768335381473,3.50964025402087,5.997720831483715,7.550744806072886,3.6706055123897756,,,
01/05/2000,94.966,05,2000,17.99375,12.74375,23.228125,20.53125,1.84375,8.325,939.9903225806452,936.8580645161289,7.593548387096774,3.64531847363074,2.8872285516871385,4.53489939248932,8.90083133123512,0.5136444735040866,1.7967712978490598,2.9848902647287834,3.3751813969570796,4.039879163528779,,,
01/06/2000,93.3,06,2000,24.047916666666666,16.8,31.29375,17.791666666666668,2.1755102040816325,10.525,943.4866666666666,939.4033333333333,11.873333333333333,3.326680639618744,3.140741205376357,3.9736047330437962,14.65773825595688,0.9042793199202193,1.9843536918775553,2.67848816509885,3.037067929631369,2.6296627990640955,,,
01/07/2000,76.092,07,2000,24.201612903225808,16.9741935483871,31.43548387096774,19.596774193548388,2.346774193548387,10.951612903225806,940.074193548387,936.6645161290322,12.37741935483871,2.580665305976371,2.52007907004958,3.4026073307504308,13.674745992089784,1.0718021810897211,2.627892126406162,2.8441715538899897,2.8186933600632433,1.9884180776720233,,,
01/08/2000,52.362,08,2000,24.68064516129032,17.562903225806455,31.799999999999997,20.79032258064516,1.932258064516129,10.224193548387097,942.2516129032258,938.6161290322581,11.364516129032259,2.9472876505316217,2.955308303850733,3.470437209665305,16.953298529837102,0.7506880327239014,3.246874183260711,2.960053036432727,2.914000317340793,1.8641438404974322,,,
01/09/2000,81.385,09,2000,21.08833333333333,13.91,28.271666666666665,21.433333333333334,1.6900000000000002,8.823333333333332,941.2433333333333,937.2900000000001,9.523333333333333,3.8010744095145816,3.4520296167003335,4.885401694591154,13.828693660703527,0.8707487524139832,2.3640934527017636,3.58951378258984,4.065697547989025,2.5390309491850513,,,
01/10/2000,98.678,10,2000,14.837096774193547,9.069354838709677,20.611290322580647,18.532258064516128,1.9725806451612902,9.706451612903225,942.7967741935485,937.8419354838709,6.854838709677419,2.687752054270507,2.897403513134997,3.8608631005960503,14.638504964798901,1.241782082046355,3.584981009975171,4.572926405921999,5.889242973056788,2.993753353198113,,,
01/11/2000,97.734,11,2000,8.793333333333333,4.9,12.698333333333332,25.65,2.0316666666666667,9.541666666666666,940.5766666666666,935.1666666666666,4.403333333333333,2.1201108594828657,2.8846760532516287,2.1880640515728307,18.385536872816495,1.3024737437305003,3.336002462435922,4.321931507326679,5.242224674718714,3.4288314419742574,,,
01/12/2000,92.875,12,2000,7.612903225806452,4.703225806451614,10.530645161290321,24.548387096774192,1.8935483870967742,8.76774193548387,940.1967741935483,934.8,1.7548387096774194,1.963059160893973,2.6561384359250777,1.983422171744999,21.539652659691583,1.3792218009837403,4.39357855540047,9.114840787454503,10.086492618018083,2.465338206639868,,,
01/01/2001,94.34,01,2001,7.212280701754386,4.049122807017543,10.375438596491227,23.403508771929825,2.179032258064516,9.910526315789474,941.2483870967742,935.332258064516,3.064516129032258,1.8327448360547116,2.3713410014933336,2.0254876574856158,12.408032607265238,1.3250594909965605,3.7076987573409954,4.157953901279022,5.518054433510294,3.0645878882373694,,,
01/02/2001,88.902,02,2001,8.277551020408163,3.2653061224489797,13.308163265306122,16.775510204081634,2.019642857142857,9.13469387755102,945.3642857142858,940.1785714285714,6.317857142857143,2.3180689975820434,2.797882459736899,3.1487984966950675,15.863040516299789,1.167658051261295,3.3551298422718907,7.847208245527645,8.736698128005456,3.35449433970789,,,
01/03/2001,100.286,03,2001,12.137096774193548,7.974193548387096,16.306451612903224,24.661290322580644,2.762903225806452,11.83548387096774,937.6483870967742,933.0451612903227,4.993548387096775,2.7275301907221663,2.726851032251091,3.5073165197557303,11.071960669270462,1.5291949956573627,3.7027281379639554,5.468386170693143,6.7639159619103335,3.604620690527735,,,
01/04/2001,83.804,04,2001,13.533898305084746,7.154237288135594,19.906779661016948,24.338983050847457,2.660344827586207,10.601694915254237,942.0666666666667,937.83,9.223333333333333,1.943478056217018,2.4811928467419766,2.476083142076564,22.527844969015202,1.0676979096993144,2.6863313995255966,4.6424824908835856,5.193905579851548,2.51775534038218,,,
01/05/2001,93.714,05,2001,16.62542372881356,10.771186440677965,22.48983050847458,19.423728813559322,1.4883333333333333,8.696610169491526,940.0645161290323,936.8225806451613,7.838709677419355,5.497635642909219,4.636364912576617,6.730007299152012,20.995240338960333,0.8714086913409991,1.8864275762892282,3.5465991585457886,3.3353370321871796,4.245521359374279,,,
01/06/2001,91.596,06,2001,23.526666666666664,16.023333333333333,31.035,19.816666666666666,2.131666666666667,9.733333333333333,942.1233333333333,938.6133333333333,12.053333333333335,3.3433397829049336,3.0016022086893925,4.347016315526966,14.024786371576633,0.7969202726144912,1.9600818615442572,2.7142895601044645,2.5230978951490424,2.7447420999799417,,,
01/07/2001,76.931,07,2001,24.43064516129032,17.51774193548387,31.335483870967742,23.666666666666668,2.1903225806451614,9.836666666666668,940.9064516129032,936.9935483870968,10.480645161290322,3.327460938652007,3.23948610544835,3.984194049120484,16.126267304467618,0.9513940896957397,2.34816673293225,3.058096955501495,3.157946113522848,3.4838120265822523,,,
01/08/2001,51.536,08,2001,25.730645161290322,19.009677419354837,32.458064516129035,23.596774193548388,1.8548387096774193,9.745161290322581,941.5903225806452,938.2483870967742,10.570967741935483,1.8526532776284261,2.2052626829457824,2.622509646927623,19.118662822282054,0.6974608325226771,1.731641637419304,2.2605832342870475,2.240813984209276,2.5069494807284673,,,
01/09/2001,78.889,09,2001,20.66166666666667,14.47,26.848333333333336,17.166666666666668,1.6416666666666666,9.493333333333334,940.73,936.88,8.683333333333334,3.2566537711753636,2.69042873528756,4.563060661318241,14.483382256293622,0.7232908941180749,2.658524292239847,2.611400733917231,3.1109816612368233,3.269512600324116,,,
01/10/2001,100.379,10,2001,16.31290322580645,11.824193548387097,20.81451612903226,18.451612903225808,1.785483870967742,8.958064516129031,944.316129032258,940.332258064516,5.380645161290323,2.2809606741543353,2.1589072436107752,3.1215195319363573,13.293259008264842,0.962722705628319,3.0677352348563702,4.769562997046501,5.217750926518342,3.3913045036621448,,,
01/11/2001,92.863,11,2001,8.075,3.0616666666666665,13.086666666666668,14.706896551724139,1.81864406779661,8.953448275862069,945.4133333333334,941.7766666666666,5.98,3.01418257744442,3.7215857594541273,3.4900569014188365,24.306528341665707,1.3858241138673661,4.744866682069268,3.9447681050092784,4.316183126514615,3.2881605800203864,,,
01/12/2001,86.68,12,2001,4.016129032258065,-0.7032258064516129,8.741935483870968,11.806451612903226,1.0661290322580643,5.906451612903226,945.7225806451613,942.2677419354839,4.854838709677419,2.8049250332395927,3.3434039659190313,3.4331817860546345,17.745781036054385,0.7993734325814693,2.7178143923731803,3.895699310557682,4.387207699419954,3.2166067741931004,,,
01/01/2002,92.163,01,2002,6.905,3.1550000000000002,10.651666666666667,19.95,1.3433333333333333,6.23,950.6032258064516,946.2645161290322,3.7548387096774194,1.7234597643467156,2.6774909200814565,2.3077975167962794,20.084925623166633,0.7587605117059624,2.2956332902686856,3.4909868586564614,4.817229382615179,3.26219136059157,,,
01/02/2002,88.767,02,2002,8.678846153846154,3.286538461538462,14.092307692307692,20.692307692307693,1.8018518518518518,8.867307692307692,947.7607142857142,943.2357142857143,6.6000000000000005,1.788343141445049,2.534934647117825,2.603605806873753,18.884103140813462,1.0603471736093852,3.511422322506721,3.9700115948813055,3.9655193752324505,3.1592310363030967,,,
01/03/2002,85.151,03,2002,10.787719298245614,5.7596491228070175,15.817543859649124,17.12280701754386,1.7672413793103448,9.36140350877193,941.2870967741935,937.1032258064516,5.751612903225807,3.629790931377977,2.618946056358414,5.406349534410493,14.072605322092226,0.9245934015867262,2.7633929963236,5.694368091104482,5.903529106727489,4.317473873130131,,,
01/04/2002,97.402,04,2002,13.408333333333333,7.216666666666667,19.605,18.616666666666667,1.8084745762711865,9.363333333333333,938.55,933.7266666666667,8.353333333333333,4.288348094375161,3.4088203967318575,5.617570045877395,14.236610321503067,0.9654886444792358,2.785249687049446,7.859619627542741,9.35557858043598,3.942144815595495,,,
01/05/2002,92.955,05,2002,15.222641509433961,9.737735849056603,20.71509433962264,20.339622641509433,2.3366666666666664,10.624528301886793,940.558064516129,936.0645161290323,9.0,4.306240619479968,3.3305824401177793,5.7727941583582405,14.79077596683203,1.2060534696900518,2.902048723307869,4.317466401610144,4.420297756720063,4.670617375322738,,,
01/06/2002,86.721,06,2002,24.024489795918367,17.193877551020407,30.863265306122447,19.6875,2.245614035087719,9.845833333333333,941.4300000000001,937.58,10.593333333333334,4.701175855226936,4.383463630664743,5.477860511396116,8.776555448005492,1.1315397498602446,2.402477297108251,2.8557443621705727,3.4123912133727514,3.6341230819432417,,,
01/07/2002,79.688,07,2002,25.18421052631579,18.398245614035087,31.971929824561403,20.157894736842106,2.3137931034482757,10.114035087719298,941.2258064516129,937.4806451612903,11.553125,2.649783648424647,2.458112750819081,3.287680162687717,21.041446746909006,0.8206647446488109,2.4493759115108746,2.357112321172635,2.421627463069492,2.8332113746680436,,,
01/08/2002,52.279,08,2002,23.998387096774195,17.258064516129032,30.73225806451613,19.913793103448278,1.9616666666666667,10.117241379310345,940.183870967742,937.0290322580646,9.72258064516129,2.493367722939798,2.408015875110843,3.2498057542732743,21.118948407796726,0.9742605482206541,1.990868445875827,2.231008258492624,2.5232510178190646,3.5030186675132398,,,
01/09/2002,80.905,09,2002,19.753333333333334,13.875,25.631666666666668,21.67241379310345,1.494915254237288,8.837931034482759,940.8533333333332,937.4233333333334,7.763333333333334,2.5346725571070143,3.256733572050688,3.1864379808258816,20.44452307822187,0.7274005984499637,2.1529113365929606,2.9334848445719617,2.833504389697813,3.428730873413493,,,
01/10/2002,102.096,10,2002,14.938333333333333,10.358333333333333,19.52,19.444444444444443,1.4027027027027026,8.233333333333333,942.4483870967742,938.183870967742,5.506451612903225,2.1902009556177022,2.48891043254733,2.981570510966393,16.425493155361433,0.9151461590874392,3.7135273951171697,5.256289627214369,5.780662982403374,3.174894799713419,,,
01/11/2002,94.999,11,2002,9.836363636363636,6.384090909090909,13.286363636363637,28.857142857142858,1.5392857142857144,9.285714285714286,940.4433333333333,934.9466666666667,3.2199999999999998,2.4714265637567068,1.9511407732720714,3.404961558304388,21.32119618111063,1.0802397832972035,3.558707013002841,8.286411116726134,10.484528283777601,2.9154049816271757,,,
01/12/2002,90.326,12,2002,8.553225806451612,5.503225806451613,11.600000000000001,33.45161290322581,1.6258064516129032,8.806451612903226,942.7903225806451,937.9774193548387,2.954838709677419,2.144433720347275,3.144392236719126,1.7940703789400696,30.0774984661041,1.297938812614186,4.170686233213184,4.155827622244039,4.899299928045445,2.9995375987727866,,,
01/01/2003,92.799,01,2003,6.038709677419354,1.8870967741935485,10.19516129032258,22.903225806451612,2.1870967741935483,10.687096774193549,945.7741935483871,939.0419354838709,5.151612903225806,3.3117948597429105,4.002600952371326,3.727937390390793,22.551208154937328,1.4426230589875446,4.2668287939627065,7.4562710851084315,9.274904283191562,3.4815581729777194,,,
01/02/2003,89.521,02,2003,6.619642857142857,2.417857142857143,10.821428571428571,29.5,1.832142857142857,9.185714285714285,942.8678571428571,938.0642857142857,4.071428571428571,2.536312258009622,3.4584866444920483,2.70176469507107,30.215889859476256,1.7442081024814395,3.967433565988106,4.846843460891971,6.0024201468280145,3.6964304245579793,,,
01/03/2003,96.758,03,2003,11.935483870967742,6.764516129032257,17.116129032258065,24.806451612903224,1.4709677419354839,8.55483870967742,944.7193548387097,940.1193548387097,6.243333333333334,2.100202704829925,2.436612589143308,3.262212542370949,25.67413660325466,0.9320921086055451,2.3373544460461306,4.601986480846341,5.237710654782851,3.534722671980942,,,
01/04/2003,90.471,04,2003,13.09122807017544,7.770175438596491,18.422807017543857,19.925925925925927,1.9481481481481482,10.251851851851852,939.4866666666666,934.4066666666666,6.6066666666666665,2.209337384646806,2.552447348853974,3.022653608518967,18.025464735128995,1.3371526494672208,3.2789973104324694,3.9598618343480556,4.267595085770464,3.6895877102007444,,,
01/05/2003,95.38,05,2003,19.00754716981132,12.00566037735849,26.00943396226415,24.227272727272727,1.7454545454545454,9.44090909090909,942.6612903225806,938.425806451613,10.435483870967742,3.121011242468831,2.6682185856671965,4.089868539872615,25.766223401932002,0.8995910566830182,2.1570833683491832,3.691492689897935,4.003912065462578,3.9970446071313552,,,
01/06/2003,93.79,06,2003,25.311666666666667,18.476666666666667,32.156666666666666,22.5,1.6400000000000001,10.003333333333334,940.7466666666667,936.8133333333334,10.273333333333333,2.4299746575135712,2.3220656107364777,3.223345281266015,15.867446614656233,0.8961988695558055,1.9435983928383145,3.053515027470575,2.9511813336980204,3.6432207552198053,,,
01/07/2003,82.131,07,2003,26.309615384615384,19.23076923076923,33.38076923076923,23.25,2.0791666666666666,10.379166666666666,941.3870967741935,937.941935483871,12.603225806451613,3.131763871560188,3.0187348643091307,3.566567991756081,18.245955541352753,0.7981250190911765,1.5919957143817718,2.238860117036362,2.611867045307925,1.1683275428200035,,,
01/08/2003,52.825,08,2003,27.259677419354837,20.41774193548387,34.09516129032258,20.758064516129032,1.6241935483870968,9.80967741935484,942.1258064516129,938.3193548387097,10.970967741935485,3.2634317488621964,3.119033277803981,3.985236172500711,7.950019040849387,0.8702148752681845,2.6087312208735587,2.8267729235455588,2.7056015172031715,1.6201221246945336,,,
01/09/2003,83.04,09,2003,21.908333333333335,15.595,28.235,18.433333333333334,1.7566666666666668,8.979999999999999,944.0300000000001,940.0966666666667,9.336666666666668,1.7527984082281127,2.254669354540725,2.576545118130617,13.536349890630854,1.047250907508242,2.276542129589657,3.380078554484006,3.7769247966487365,2.6880942272756445,,,
01/10/2003,104.507,10,2003,14.175806451612903,10.109677419354838,18.240322580645163,21.491803278688526,1.840983606557377,9.767213114754098,938.7677419354839,934.741935483871,4.793548387096774,2.9252818546488837,2.993419541256046,3.7717874041500146,22.540794832791256,1.1171954542783056,3.6592221992966114,5.5996063609730236,6.921164362232141,3.430348425828001,,,
01/11/2003,96.839,11,2003,10.443333333333333,6.6466666666666665,14.233333333333333,23.066666666666666,1.55,8.065,942.3466666666667,936.1833333333333,3.9366666666666665,1.9426843796330018,2.2846181794752267,2.5720575860560926,24.793975940495162,1.0593410167790676,3.1903894348124195,5.173855584493559,8.067819571834642,3.4108835272963525,,,
01/12/2003,94.453,12,2003,6.680327868852459,2.680327868852459,10.675409836065574,19.491803278688526,1.4950819672131148,7.670491803278688,944.574193548387,939.3741935483871,3.793548387096774,1.9177086737502775,2.507044719195036,2.28609242578575,20.530159076197855,1.3465296418953177,3.8163832905992328,5.444812071561679,6.968786012974104,3.021692184176605,,,
01/01/2004,94.18,01,2004,7.488709677419355,3.148387096774193,11.837096774193547,21.532258064516128,1.3360655737704918,8.314516129032258,943.9935483870968,940.2806451612903,4.203225806451614,2.3747375930073864,3.4786346452653825,2.4298170929589173,17.021411532398297,1.1554267302437433,4.06152869444513,3.5923006076766533,3.954442173458317,3.1789394322601514,,,
01/02/2004,93.634,02,2004,7.824137931034483,2.9224137931034484,12.744827586206897,14.982456140350877,1.4241379310344826,7.980701754385964,943.9068965517241,939.6,4.903448275862068,2.9701030961389017,2.8803656629128027,4.2492175714773595,14.860651817167295,1.0837411396796934,3.7984695506635697,9.364024281200722,11.135272143701114,3.550400657332381,,,
01/03/2004,103.316,03,2004,9.261290322580646,4.575806451612903,13.966129032258063,20.758064516129032,2.009677419354839,9.23225806451613,944.4806451612903,940.2258064516129,5.04516129032258,3.434413823023321,3.5036133799298215,4.304056171108987,23.03147204130062,1.1212858072092808,2.8458640794213013,7.38550017962397,7.824660492823767,4.044653978581062,,,
01/04/2004,90.064,04,2004,12.068333333333333,6.276666666666667,17.875,18.733333333333334,2.1254237288135593,9.928333333333335,938.9466666666667,934.2666666666667,7.973333333333333,3.3835840824394854,2.8282693196781614,4.564885317957255,14.263698936272904,1.0857371912174476,2.6643339019805565,5.980008841726415,5.979236102364296,3.7480968350694295,,,
01/05/2004,100.069,05,2004,14.959677419354838,9.817741935483872,20.106451612903225,21.032258064516128,1.964516129032258,9.640322580645162,939.4903225806452,936.0838709677419,7.270967741935484,3.4896784424844607,3.0585287470032667,4.542761165394572,19.862616457115482,1.060018059572966,2.907055277430949,6.073184493531634,6.4961576732810995,5.1787510430210295,,,
01/06/2004,95.8,06,2004,24.276666666666664,17.183333333333334,31.363333333333333,22.733333333333334,1.943103448275862,9.58,942.89,939.3433333333334,11.479999999999999,3.0338970110150965,3.017191794978174,3.6425436570870797,22.60108491971177,0.9167279856298836,2.244979332508394,2.937785936193508,3.237462110904197,2.653091885277278,,,
01/07/2004,80.013,07,2004,25.583870967741937,18.14516129032258,33.03064516129032,21.56451612903226,1.85,10.25,941.4967741935484,937.8580645161289,11.625806451612902,3.190210104000663,3.1934706655286096,3.6268393280333835,16.741644324261085,0.877169441731868,2.3237018233702935,2.255583275780003,2.167913619673425,2.2538807631779583,,,
01/08/2004,54.81,08,2004,24.301612903225806,17.820967741935487,30.787096774193547,21.903225806451612,1.9161290322580644,9.675806451612903,940.7548387096774,936.9354838709677,10.206451612903225,2.6697142927805357,2.725840949906699,3.5641881733072855,16.553648181355975,1.0823764910250213,2.545306544317964,2.7265165455427107,2.853015759635921,2.6957912238488806,,,
01/09/2004,86.731,09,2004,22.278333333333332,15.428333333333335,29.145,17.483333333333334,1.7583333333333333,9.020000000000001,943.5833333333334,939.5333333333333,9.256666666666666,2.0474118980376157,3.0602476728541177,2.6542849910209942,20.48520893988476,1.0933220510648418,2.3357066219302487,2.2889665388755467,2.827736188901438,2.2878514741600013,,,
01/10/2004,97.731,10,2004,15.720967741935485,10.80483870967742,20.641935483870967,26.516129032258064,1.5790322580645162,9.379032258064516,939.6161290322581,935.5806451612904,5.590322580645162,4.095945099880789,3.2209064714997755,5.608703669140353,20.189870805198797,1.0483612655972432,3.1057924253089255,4.517602371036628,5.41549747513797,3.317363897103611,,,
01/11/2004,99.346,11,2004,9.148333333333333,4.0633333333333335,14.241666666666667,18.333333333333332,1.215,7.026666666666667,944.83,941.2766666666666,6.59,1.9133333825469,3.052199355211713,2.442580718210097,26.131782497510095,1.0184443104850271,3.6375101685065703,4.41807806552842,5.252499131502695,3.125242059590662,,,
01/12/2004,93.807,12,2004,7.2153846153846155,3.3019230769230767,11.11923076923077,16.78846153846154,2.003448275862069,10.188461538461537,944.7129032258064,940.4096774193548,4.354838709677419,2.4532798866235406,3.0378972594004394,2.557728653956471,15.79691771680263,1.3608518381322239,4.233000782653209,5.447246517613795,6.949261583732437,3.143441713544505,,,
01/01/2005,94.002,01,2005,5.569230769230769,0.18461538461538465,10.946153846153846,10.051282051282051,1.2437500000000001,8.371794871794872,950.0999999999999,946.6064516129032,7.432258064516129,2.6213851145965443,3.0388310132558387,3.0580219056946767,16.30619630038761,0.8429699901273587,3.9231397682246345,5.987876640902656,6.685403776580249,1.3977093395443358,,,
01/02/2005,93.545,02,2005,5.624390243902439,0.7219512195121952,10.534146341463414,13.048780487804878,1.8634146341463416,9.87560975609756,942.9035714285714,938.2357142857143,6.753571428571428,2.1623806889404182,2.163389955038383,3.6049001203984536,10.114225673555527,1.037245413959728,4.061328630374848,8.585106921090839,8.140034319961963,3.5362128877234733,,,
01/03/2005,96.868,03,2005,10.864516129032259,5.66774193548387,16.05483870967742,14.225806451612904,2.0387096774193547,9.861290322580645,942.3709677419355,938.0129032258066,7.529032258064516,4.75938009878715,5.0306651049189774,4.74944478928344,10.00569730176881,0.9690811522106351,3.146392370038511,5.81338647997807,5.400539598687276,2.5262875988806313,,,
01/04/2005,102.846,04,2005,14.273333333333333,8.726666666666667,19.85,20.1,2.466666666666667,10.79,941.2366666666666,936.4433333333333,8.94,3.6111831410440707,3.2186882456970736,4.333092389411101,9.721465761484948,0.8159332855306135,3.145588043264889,4.436951682167062,4.723505662865914,3.4368790975293972,,,
01/05/2005,99.894,05,2005,19.16774193548387,13.412903225806453,24.91290322580645,19.0,2.4000000000000004,10.374193548387098,941.4645161290323,937.3290322580646,8.94516129032258,3.511161925134773,3.3879927130464607,4.282813867500654,8.57126983980009,0.5756156124822652,2.399439898800758,3.2893310755731067,3.600573431032626,4.620161520241287,,,
01/06/2005,99.909,06,2005,25.116666666666667,18.903333333333332,31.333333333333332,19.766666666666666,2.3033333333333332,10.846666666666666,941.9966666666667,937.56,11.233333333333333,2.426588826590392,2.2629677391659273,2.8609539442752956,10.200349329154449,0.6774614549836069,2.376571470421832,3.201344904161717,3.954621914008762,2.6169649877532635,,,
01/07/2005,80.407,07,2005,26.732758620689655,19.570689655172412,33.88793103448276,18.586206896551722,2.2473684210526317,10.846551724137932,941.1548387096774,937.3225806451613,12.422580645161291,2.1673322538569364,2.0608300678763007,2.8133814072266747,18.33129285240551,0.8332606484592181,1.3617861744771003,3.1435477526384115,3.031469355215852,1.6485770990805688,,,
01/08/2005,59.778,08,2005,25.741818181818182,18.729090909090907,32.75272727272728,14.75,1.9885245901639343,9.791071428571428,941.9290322580645,937.9096774193548,10.725806451612904,2.860567860556446,3.017705329309915,3.5086060620019017,9.989539983948662,0.6730771032246202,1.7913201618018824,3.383606906678833,3.3089126954041173,3.035563400966997,,,
01/09/2005,88.606,09,2005,20.645762711864407,13.63728813559322,27.632203389830508,19.322033898305083,1.7644067796610168,8.854237288135593,943.6533333333333,939.5633333333334,9.7,3.207497791215854,3.69547245381775,3.583267660995077,18.043473056201393,0.9406092508113368,2.6868339292582286,3.4766941623977217,4.03283791010694,2.0472016224003484,,,
01/10/2005,101.713,10,2005,15.632142857142856,11.030357142857143,20.2375,17.928571428571427,1.4196721311475409,8.046428571428573,942.9354838709677,939.1870967741935,5.98,2.1384877530932633,2.3834215011088684,3.531755293695396,14.005008380585132,0.8700229253935684,3.31728061058311,2.6506035019842824,2.8539728958633335,3.7924062055094003,,,
01/11/2005,102.865,11,2005,8.564406779661017,4.637288135593221,12.49491525423729,19.10169491525424,1.4766666666666666,7.779661016949152,942.7766666666666,938.1966666666667,4.243333333333333,2.82731520703887,3.165922990387433,3.30925680419979,21.31188345473194,0.8975232713411223,2.66625008922301,6.953425518173208,7.139375194015196,3.354943170630603,,,
01/12/2005,97.159,12,2005,6.1262295081967215,1.6885245901639345,10.572131147540983,17.934426229508198,1.6016393442622952,8.670491803278688,945.025925925926,940.7481481481482,5.622580645161291,2.209441983800756,3.3321713821798804,2.1496613025886178,18.010986325443156,1.1611046182089835,3.7556332915721464,4.954764031685708,6.06029768057709,3.1110244483577376,,,
01/01/2006,99.926,01,2006,5.495161290322581,1.8741935483870968,9.111290322580645,16.612903225806452,1.4483870967741934,7.22258064516129,944.0967741935484,939.9032258064516,4.251612903225807,1.9346222081618576,2.3814815256488706,2.797721838943523,23.405446219728,0.9930482852711432,2.6760271112130236,5.340317335824894,5.874435227944196,3.5679005000832946,,,
01/02/2006,97.095,02,2006,6.567272727272727,1.3672727272727274,11.77090909090909,19.055555555555557,1.4836363636363636,8.525925925925925,939.4629629629629,934.6925925925926,5.803571428571429,2.0360687015854246,2.499929965348996,3.2048962961943506,14.7461752849541,1.098612531764268,4.000480404414902,4.931932695603256,5.770543630298097,3.298314063483898,,,
01/03/2006,107.793,03,2006,11.196666666666665,5.996666666666667,16.393333333333334,24.019607843137255,2.1236363636363635,10.386274509803922,940.9354838709677,935.6612903225806,7.003225806451613,3.0276671484134323,3.04686372046297,3.935921775898081,12.750670878159205,1.2638805083527236,3.8089903968292247,6.010909436854347,7.124215859510678,3.3678364836561117,,,
01/04/2006,91.301,04,2006,14.638333333333332,8.661666666666667,20.62,19.383333333333333,1.9349999999999998,10.041666666666666,939.4033333333333,935.0733333333334,8.393333333333334,2.3322420773463106,2.5191531847749116,3.2142057563366735,20.545189272914644,0.9038195785157979,2.912875663801729,3.083826925387862,3.1777169567900865,3.8571861580005784,,,
01/05/2006,102.632,05,2006,19.53965517241379,13.096551724137932,25.979310344827585,22.46551724137931,2.2467741935483874,9.75,941.9741935483871,937.6419354838711,9.364516129032259,3.17080650846052,2.987163503312682,4.257985629531247,19.982637654286403,0.9310170257701675,2.2649309659903,4.1931664838509235,4.378947681315565,3.6740121926033193,,,
01/06/2006,102.485,06,2006,23.438297872340424,16.55744680851064,30.317021276595746,21.914893617021278,2.055769230769231,10.13404255319149,941.0461538461539,937.6461538461538,10.66,2.6678890198782015,2.7899466007708176,3.0510382515761654,21.949378308749672,0.7632267572329073,2.345696948043993,2.5203540654806234,2.3564771620757337,3.8163531969850397,,,
01/07/2006,87.726,07,2006,27.708771929824564,20.650877192982456,34.76842105263158,25.053571428571427,2.0140350877192983,10.276785714285714,942.4892857142858,939.6214285714286,10.45483870967742,1.6971910303450557,1.9556806275033722,2.172815643249301,22.663883678147997,0.686200355084647,2.341948766726981,2.0454718346765657,1.8601786339662207,3.9462081977241072,,,
01/08/2006,65.089,08,2006,24.42982456140351,17.205263157894734,31.63859649122807,14.87719298245614,2.293103448275862,10.977192982456142,941.2259259259258,937.525925925926,11.558064516129033,2.8334081517469323,2.3595869079014316,3.778168225191225,10.705589620511661,1.060596004069198,2.694704962902754,3.7351338759441606,3.5346191822504585,2.12065621817845,,,
01/09/2006,91.524,09,2006,21.81551724137931,15.351724137931035,28.28965517241379,23.29090909090909,1.853448275862069,9.39090909090909,941.5586206896552,937.7655172413794,8.216666666666667,4.019636089146776,3.7092696296876224,5.049811170872034,17.12662290474138,0.8549577843771884,2.6194622523683164,3.692900257964062,3.722928557511517,2.8407239647100813,,,
01/10/2006,104.132,10,2006,17.00344827586207,12.541379310344826,21.45344827586207,22.771929824561404,1.5157894736842106,8.733333333333334,941.3258064516128,937.1903225806452,4.65,2.1931284645888747,2.13919434603094,3.773091036665015,19.8458501814248,1.0924725353991762,2.927781542722196,5.133093137796171,5.560896500787676,3.7107253682562784,,,
01/11/2006,101.928,11,2006,12.061666666666667,8.725,15.41,21.362068965517242,1.4810344827586208,7.8517241379310345,945.5,940.6433333333333,3.9099999999999997,2.1349466445654444,2.6793387117353022,2.7829809648733597,16.976452500564783,1.0782469359708051,3.6659763965564336,5.228370880969097,7.01877695079831,3.535080353181279,,,
01/12/2006,96.418,12,2006,6.537096774193548,2.429032258064516,10.638709677419355,15.290322580645162,1.2516129032258063,7.656451612903226,950.2870967741936,945.9129032258064,4.858064516129032,2.1556813133920003,3.297609024373703,2.059154277989036,14.71966132091471,1.3058182455160368,3.4739131319651593,4.218747202308983,5.999318957764246,3.0120617737742794,,,
01/01/2007,101.691,01,2007,6.539655172413793,2.613793103448276,10.456896551724139,24.533333333333335,1.0866666666666667,6.73,950.8129032258065,946.1064516129032,3.9161290322580644,2.2996521213017993,2.5666175622458436,3.5046391344609114,26.942766073255378,1.419745808558539,4.006989582871583,6.817562708939488,8.517430578285541,3.262626424032592,,,
01/02/2007,96.943,02,2007,9.256603773584906,5.313207547169812,13.196226415094339,29.06451612903226,1.825,10.061290322580644,943.1892857142857,938.4250000000001,4.196428571428571,1.981890068553662,2.364321152844532,2.962195278982681,19.39748348604524,1.3210455292390875,4.111907701570715,4.7991001691840705,5.422014454125042,3.2668347057524962,,,
01/03/2007,108.647,03,2007,9.905,4.415,15.4,19.116666666666667,2.1366666666666663,10.535,944.4322580645162,939.9870967741934,7.812903225806451,1.9765082205148328,2.3755695124484517,2.9789658084871653,21.422379923386686,1.2106822095122147,4.178996108466276,6.382391771991372,6.197136001707226,2.8744555351676446,,,
01/04/2007,92.276,04,2007,12.754000000000001,7.808,17.702,21.0,1.4529411764705882,8.916666666666666,940.3241379310346,937.251724137931,6.09,3.512148595247935,3.2670176126909167,4.16494064930641,24.99021084940806,0.7816272618522132,2.2499487779827567,2.9550991248075986,2.792287936653807,3.5818844972617616,,,
01/05/2007,103.228,05,2007,16.629166666666666,10.995833333333332,22.266666666666666,17.318181818181817,1.9977272727272728,10.313636363636364,940.5322580645161,936.8387096774194,7.828571428571428,3.321878367208051,2.8169667052416,4.5052845251418105,10.75255021621475,1.1236337722419265,3.261444316171003,5.526082825822417,5.1484416683986,4.821391926178591,,,
01/06/2007,101.045,06,2007,20.333898305084748,14.023728813559321,26.65423728813559,30.358490566037737,2.0666666666666664,9.605660377358491,940.4533333333333,937.4133333333334,,2.2485712068419046,2.160007900931498,3.4850083873593376,25.797357005069816,0.843174594153794,2.1245284630078793,2.619783267336448,2.758276990083299,,,,
01/07/2007,87.034,07,2007,24.60566037735849,17.626415094339624,31.60188679245283,21.575,2.119047619047619,10.8025,941.2967741935485,937.9548387096773,,2.5747602647430794,2.63542077675217,2.9338535020605536,20.488755515260134,1.031039753494925,2.146970137014199,2.3501040928673325,2.3263474532232995,,,,
01/08/2007,63.808,08,2007,23.770689655172415,16.860344827586207,30.689655172413794,13.333333333333334,2.424137931034483,11.822807017543859,940.258064516129,936.7225806451613,,2.8224046373764495,2.5903965458926903,3.413373577159918,17.78977769608689,0.7500433542621635,2.749936203406729,2.5329527161724594,2.2322947352323714,,,,
01/09/2007,88.307,09,2007,21.476666666666667,15.338333333333333,27.611666666666668,15.25,1.6833333333333333,9.195,942.7,939.4566666666667,,3.0504996349121023,2.8397953893031325,3.7676631100371,20.60823021373676,0.7202086954291452,2.2785235332393268,1.795012246620399,2.1385917592293806,,,,
01/10/2007,106.105,10,2007,15.073770491803279,9.827868852459016,20.314754098360655,12.049180327868852,1.385483870967742,7.865573770491803,943.6774193548387,940.4774193548387,,2.1076765753900855,2.6343962716051275,2.9714663083834423,14.081224176787325,0.9204145135669961,2.8933766459451054,2.814688813755362,3.032458812846887,,,,
01/11/2007,99.667,11,2007,8.913559322033898,2.676271186440678,15.147457627118644,12.827586206896552,1.1913793103448276,7.486206896551724,942.9466666666667,939.6933333333333,,2.733726623261838,2.9886185819937316,4.03264078498938,18.21811122283333,0.8409027068403608,3.104295172474155,5.089118434147678,5.619236255217775,,,,
01/12/2007,94.374,12,2007,6.325806451612903,2.7806451612903227,9.874193548387098,10.35483870967742,1.2483870967741937,7.012903225806451,948.2193548387097,944.7032258064515,,1.9024489028504783,2.28960249167677,2.2324825855140853,9.700681718644912,0.7719546479519529,2.749392894862897,2.9728122885957444,3.9118183215283975,,,,
01/01/2008,99.904,01,2008,8.146666666666667,3.5266666666666664,12.780000000000001,17.181818181818183,1.0545454545454545,7.031818181818181,947.9354838709677,943.0129032258066,,1.7558473737771172,2.5259921543101367,3.233672272144529,15.61494919869422,0.7343576675791891,3.5510085516111087,5.83121190303229,8.818039915819758,,,,
01/02/2008,98.063,02,2008,9.043243243243245,5.043243243243243,13.045945945945945,17.27027027027027,1.5368421052631578,7.113513513513513,948.1620689655173,944.2586206896551,,2.3279152023192755,2.6072058841837795,2.902546257129208,16.699382305024617,0.9606926140653796,2.227998873199665,3.595971336400872,4.484140086490479,,,,
01/03/2008,91.091,03,2008,10.804444444444444,4.842222222222222,16.78222222222222,21.390243902439025,2.1170731707317074,10.758536585365855,941.0935483870968,936.2774193548387,,2.820457373898744,3.006091458785953,3.5393430880531342,21.02365102542906,1.0983857334799074,4.2255162767262,4.76472702847846,5.904614561364669,,,,
01/04/2008,100.617,04,2008,14.405555555555557,8.786111111111111,20.02777777777778,19.77777777777778,2.322222222222222,11.0,938.2800000000001,932.9833333333333,,3.34364595224558,2.3905949979961987,4.678498606000562,8.783462093571439,0.9763228713936537,3.2406348584365823,8.685159756734437,9.58170250991471,,,,
01/05/2008,96.806,05,2008,15.129999999999999,10.15,20.115000000000002,20.406779661016948,1.961290322580645,9.740677966101696,936.6096774193549,933.6258064516129,,2.30925184157047,2.3012524224570425,3.3981961815256616,8.414106882077709,0.6589496955127058,2.08294541488794,3.277026583017996,3.24386269149767,,,,
01/06/2008,96.684,06,2008,21.3135593220339,14.99491525423729,27.647457627118644,19.448275862068964,2.0413793103448277,9.598275862068967,941.4966666666667,938.36,,4.617076908799012,3.8325926998624777,5.7779114450012985,18.17379298223575,0.6327424250092083,2.2320230285008296,2.0530017272165493,2.5553999619467316,,,,
01/07/2008,95.97,07,2008,24.80322580645161,17.330645161290324,32.26129032258065,22.596774193548388,2.2483870967741937,10.024193548387096,941.0645161290323,937.8548387096774,,2.4520294533261304,2.6681232250697344,2.833369935786637,16.137178006508737,0.6808244605331729,2.0220656119359943,2.794106701266895,2.17957774345971,,,,
01/08/2008,60.663,08,2008,25.272131147540982,18.07540983606557,32.46885245901639,16.677966101694917,2.094915254237288,9.36271186440678,940.5645161290323,936.8967741935484,,2.5681466175396457,2.9259560111585716,2.779900536806222,17.390485585382102,0.7972849896763996,1.953502451838637,2.552194922949904,2.4574355021672067,,,,
01/09/2008,87.376,09,2008,19.44736842105263,13.501754385964913,25.394736842105264,17.836734693877553,1.9000000000000001,9.222448979591837,941.2333333333333,937.6733333333334,,2.3374364210725345,2.5834978523084167,3.3116364670998477,22.23299625441833,1.056598315349783,2.658967947196372,3.0849281367959667,3.191144355689732,,,,
01/10/2008,104.995,10,2008,14.398245614035089,9.47017543859649,19.335087719298244,32.69565217391305,2.098181818181818,9.404347826086957,943.9774193548387,939.167741935484,,3.410566104458642,3.636666689638853,4.237607614649963,33.96394792208506,1.3563964935856507,3.4293476232037117,5.682118717369361,7.098656544106281,,,,
01/11/2008,97.882,11,2008,7.979629629629629,3.105555555555555,12.829629629629629,40.45454545454545,1.769090909090909,8.320454545454545,942.8866666666667,937.6266666666667,,2.2393883623873925,2.481434206919547,3.0697937752399174,39.42756357620928,1.1690250333587937,3.47312469361823,7.2705705004696055,8.85281694242526,,,,
01/12/2008,94.164,12,2008,6.335483870967742,2.732258064516129,9.929032258064517,16.6,1.667741935483871,8.213333333333333,943.1451612903226,938.0903225806452,,2.55049647285867,2.9711262843994803,3.115466101927296,18.69648685421021,0.7934679564100006,3.154824803413001,6.580417347943694,7.595145591701281,,,,
01/01/2009,92.175,01,2009,5.357407407407408,2.0148148148148146,8.707407407407407,22.25925925925926,2.3962962962962964,9.964814814814815,941.2967741935485,935.6387096774193,,3.734924507425887,3.941238547184643,3.9640769870411674,21.074159429675138,1.600349367866688,5.2081995370655285,4.798366657587223,6.385435376404414,,,,
01/02/2009,91.861,02,2009,8.163636363636362,3.212121212121212,13.090909090909092,12.030303030303031,1.8151515151515152,8.33939393939394,939.9642857142857,934.8285714285714,,2.4012780687867785,1.8058511801498163,4.195634906986936,9.85673896531216,0.9766400348008255,2.9935283732098017,9.6403939632774,10.885493477742168,,,,
01/03/2009,98.612,03,2009,11.826229508196722,5.254098360655738,18.404918032786885,13.672131147540984,1.9524590163934425,10.22622950819672,941.2903225806451,936.3064516129032,,2.9310920399141493,2.4345138988096306,4.638765145650589,14.17829480987918,1.402451016064025,3.846292658276897,5.518535726000146,7.469579884833832,,,,
01/04/2009,89.988,04,2009,12.132142857142856,5.667857142857143,18.599999999999998,20.98148148148148,2.1862068965517243,9.981481481481481,939.2099999999999,934.9666666666667,,2.7334365411831545,2.6796273243498985,3.936264957822558,18.33286639390119,0.9894971744260906,2.141686346155985,4.148813706641213,4.59454949450669,,,,
01/05/2009,94.537,05,2009,19.00740740740741,11.805555555555555,26.22407407407407,19.49056603773585,2.1220338983050846,10.456603773584906,941.9612903225806,937.9709677419354,,2.9643702981998987,2.8361159107341676,3.9944270227020704,18.50324570437621,0.828806328321385,2.4755348632601106,4.061089953805938,3.4909591373897295,,,,
01/06/2009,95.16,06,2009,22.974999999999998,16.158333333333335,29.789583333333336,23.717391304347824,2.670833333333333,11.045652173913044,940.92,937.2533333333333,,3.9654089429851225,3.232404633753648,5.12321539591181,13.593565542365601,0.8841291744779836,3.0263807883887486,3.3140661554589514,3.1757413832573063,,,,
01/07/2009,86.534,07,2009,26.052542372881355,18.27796610169492,33.832203389830504,25.23728813559322,2.5433333333333334,10.73220338983051,941.8032258064517,938.1870967741935,,1.7723310125372087,1.8467182258611194,2.4029752160506823,18.668005991305247,0.8677589813522613,2.913786532661469,2.9937138441483095,2.7035460584799975,,,,
01/08/2009,60.024,08,2009,26.903389830508473,19.57457627118644,34.23389830508474,22.43103448275862,1.8508474576271188,9.360344827586207,941.3709677419355,937.9677419354839,,1.9712560411815596,2.1653695408388702,2.2735821780868912,19.744074899774688,0.6851561315535998,2.6428280742199357,1.876378346422858,2.046197627596785,,,,
01/09/2009,86.813,09,2009,21.117241379310343,15.194827586206896,27.044827586206896,13.637931034482758,1.806896551724138,9.708620689655174,942.4433333333333,939.1366666666668,,4.06051323050422,3.9206346789188915,4.606752192079106,14.50795096691184,0.7697942465965589,2.8755035856599753,3.2591180670102293,3.263326347543968,,,,
01/10/2009,98.002,10,2009,17.00677966101695,11.108474576271187,22.893220338983053,20.38888888888889,1.4649122807017543,7.883333333333333,942.441935483871,938.6709677419354,,2.7607385572792205,3.076848372738775,3.6034879849265815,18.329702327680714,1.17981403317735,3.3718451362186714,3.94797620674598,6.235446712058803,,,,
01/11/2009,94.063,11,2009,11.325000000000001,6.7375,15.9125,26.24561403508772,1.7842105263157895,9.366666666666667,943.2666666666667,938.9599999999999,,2.651397573150637,2.665712423963382,3.4313560796650817,16.051569462377,1.4913787333590989,4.116314810488578,4.652499019498804,5.365637796713209,,,,
01/12/2009,91.555,12,2009,6.231578947368421,2.5982456140350876,9.87719298245614,22.71698113207547,1.8457627118644069,9.79245283018868,937.5967741935484,931.3838709677419,,3.493113525962641,4.100587554941285,3.4639478687030976,20.831168731282833,1.4698489288896448,4.855680616817782,6.9532958070720055,9.283968144932896,,,,
01/01/2010,91.1205,01,2010,5.395,2.381666666666667,8.406666666666666,22.854166666666668,2.0142857142857142,9.275,940.3258064516128,934.2645161290322,,3.12970594817371,3.443563963158167,3.3854557646590626,18.687792788095123,1.5827971295294774,4.260731132943506,5.919119739845005,7.404212692204242,,,,
01/02/2010,91.256,02,2010,6.357407407407408,2.6722222222222225,10.04814814814815,18.58139534883721,2.12,11.334883720930232,934.35,927.3000000000001,,3.1714291672624455,3.575251233640483,3.4250321987601335,9.554935294539414,1.3669569958749355,4.3759017422224895,6.721910001932029,8.055547892716683,,,,
01/03/2010,101.054,03,2010,8.953225806451613,4.220967741935484,13.685483870967742,15.647058823529411,1.9222222222222223,9.923529411764706,941.5838709677419,936.5483870967741,,3.654447895864079,3.82974283675336,4.214450036041829,9.166948302268896,1.1646793496157575,3.313221286620869,5.198595757458197,6.233076873569591,,,,
01/04/2010,89.157,04,2010,14.025454545454545,8.323636363636364,19.73818181818182,18.973684210526315,1.730232558139535,8.663157894736841,941.44,936.9733333333334,,3.73587305388546,3.6578157637606847,4.4650283441965,20.944568853001538,1.1149492586619891,2.3057414885960843,5.165909473621815,4.699004541193906,,,,
01/05/2010,96.717,05,2010,15.901639344262295,9.79016393442623,22.022950819672133,21.084745762711865,2.324193548387097,10.359322033898305,939.667741935484,935.9806451612903,,4.414879832387993,3.9235062940365286,5.462612117617448,14.60430750768678,0.9446459105670957,2.661093801821413,5.862160414999255,5.60115579470518,,,,
01/06/2010,93.9705,06,2010,20.639655172413793,14.460344827586209,26.824137931034482,21.285714285714285,1.8189655172413792,9.883928571428571,939.6133333333333,935.87,,4.330752523853969,3.439856160557249,5.757293173219134,21.22838090491491,0.8582840687381583,2.2528992864318624,3.0026118898252268,3.9816085815347897,,,,
01/07/2010,81.9905,07,2010,27.246774193548386,19.929032258064513,34.56290322580645,17.693548387096776,2.011290322580645,9.919354838709678,941.5838709677419,938.0193548387097,,1.9484098385594457,2.3766202133043084,2.3227480806619867,14.181017917263608,0.6043842113976666,1.8816489724791765,2.587933123066022,2.522488104344441,,,,
01/08/2010,60.6845,08,2010,25.687096774193545,18.35483870967742,33.0258064516129,16.918032786885245,2.032258064516129,10.12295081967213,942.1387096774193,938.0193548387097,,2.1665477465364607,2.218009550701166,2.7282934967755663,10.486968233585932,0.7394668423935391,2.859568349863486,2.396063079213458,2.714825882058095,,,,
01/09/2010,85.1825,09,2010,21.296296296296298,15.253703703703705,27.348148148148148,20.358490566037737,1.625,8.00943396226415,941.4733333333334,937.6833333333333,,2.76964427679549,2.4730786682253587,3.8978823830353897,15.298434233132689,0.9313058082469884,2.715288917262581,3.4045540832460106,3.3812957456484334,,,,
01/10/2010,96.367,10,2010,13.689473684210526,7.822807017543859,19.5719298245614,20.982456140350877,1.3935483870967742,8.236842105263158,939.183870967742,934.6193548387097,,2.5514480629723026,3.7038116247156054,3.1289976935779347,17.817017575571413,1.0722843652293865,3.553651621870673,5.539139329907591,6.287947166595205,,,,
01/11/2010,96.074,11,2010,8.541666666666666,4.405,12.696666666666665,27.232142857142858,1.7950000000000002,8.857142857142858,939.0266666666666,933.0566666666667,,3.4716914095204165,3.2760261686419905,4.337575932678461,19.887859312956433,1.3385325888918145,3.3701824683731703,8.069138027431855,8.944799426572375,,,,
01/12/2010,91.769,12,2010,6.120689655172414,2.298275862068966,9.950000000000001,15.653846153846153,1.4457627118644067,8.382692307692308,938.8580645161289,932.5032258064516,,3.758487873464384,4.707571034554025,3.3917986740981587,15.517080551399236,0.8141680826840881,3.4172412421997147,7.18701487376357,8.25160525275606,,,,
01/01/2011,90.066,01,2011,5.9557692307692305,2.144230769230769,9.761538461538462,14.617021276595745,1.3966101694915256,7.4170212765957455,943.1419354838711,939.4032258064516,,3.062705036692203,3.6753238332199647,3.194612735200226,9.70108284294204,0.9920313714614897,3.200972620459096,6.176826272099595,6.987154111699935,,,,
01/02/2011,90.651,02,2011,8.225,2.5303571428571425,13.921428571428573,23.50943396226415,1.8436363636363637,8.779245283018868,945.2464285714286,940.6357142857142,,2.574931596620137,3.0780702126115047,3.7755536275896278,18.621351105146267,1.4485962088970743,4.731699909634284,6.934854648419713,9.133747528552798,,,,
01/03/2011,103.496,03,2011,9.436842105263157,4.947368421052632,13.912280701754385,17.0,2.0629032258064517,9.634545454545455,942.6193548387097,938.5516129032258,,2.839179432445942,2.648119633624011,4.031530645842955,14.195721838586389,0.8902447390461005,2.7130834024816757,6.046564829434906,6.861674769701721,,,,
01/04/2011,88.326,04,2011,16.242592592592594,10.50925925925926,21.97037037037037,19.203703703703702,1.9416666666666667,9.27037037037037,940.7266666666667,936.44,,2.1164764106706246,1.5683507162788142,3.4763692635368892,24.081919648323055,0.6697562588939977,2.3454998766911817,6.135084707468688,6.3182057688818505,,,,
01/05/2011,98.897,05,2011,18.537096774193547,12.548387096774194,24.524193548387096,19.23728813559322,1.9383333333333332,9.147457627118644,942.5,938.6741935483872,,2.8326106750457045,2.9752940031325776,3.391391487902864,17.44186302040132,0.6540853794542568,2.5457439758182603,4.623851208678742,5.13322301236017,,,,
01/06/2011,92.781,06,2011,22.48,15.286666666666667,29.663333333333334,22.305084745762713,2.1083333333333334,9.786440677966102,941.6966666666667,938.4366666666666,,4.412993142366788,3.9809915580556967,5.336029332710605,13.810608412885857,0.8267337543399155,2.0207081062663566,3.2561330284327634,3.3559502825355887,,,,
01/07/2011,77.447,07,2011,24.71636363636364,17.178181818181816,32.238181818181815,21.236363636363638,2.210526315789474,10.82,939.9548387096773,935.8032258064517,,1.9384762664758723,2.4419702813955078,2.238591729032549,15.207166483533758,0.7873291675310355,2.2296320905609655,2.346037611190039,2.3711437283819845,,,,
01/08/2011,61.345,08,2011,25.373333333333335,17.973333333333336,32.76833333333333,24.266666666666666,2.0065573770491802,10.233333333333333,941.0699999999999,937.2096774193549,,2.6471517579048105,2.914421573373461,3.080308792943818,12.117876788163318,0.6670504359889179,2.4850513527870404,2.745799299494336,2.6896536132260365,,,,
01/09/2011,83.552,09,2011,21.75,14.892592592592594,28.616666666666667,22.627450980392158,1.4592592592592593,7.498039215686274,943.4066666666666,939.8766666666667,,2.5575452558750675,2.9969702847194313,2.874202104210674,21.209394884638954,0.5734761657196378,2.2120117717660026,3.446630871998938,3.2846228286420787,,,,
01/10/2011,94.732,10,2011,16.920338983050847,10.49322033898305,23.34576271186441,14.59322033898305,1.5,8.069491525423729,944.8677419354839,940.5483870967741,,3.268120817260697,2.8757526395218913,4.811563730112117,17.957918860364675,0.8054896394877055,2.9955285203626847,4.7764273326950555,6.4958895191622394,,,,
01/11/2011,94.085,11,2011,10.86896551724138,7.256896551724138,14.48103448275862,18.245283018867923,1.263157894736842,7.2433962264150935,942.8066666666667,937.9433333333333,,2.2722742990268903,3.300883032785053,2.322691791151985,8.874998722377718,0.998683343734455,3.079180050320731,7.000390793689168,7.594039556231481,,,,
01/12/2011,91.983,12,2011,6.698333333333333,1.9833333333333334,11.413333333333332,18.54237288135593,1.3262295081967215,6.996610169491525,950.3258064516128,946.7322580645161,,1.6085040599061182,2.7504185608534217,2.4900797527672167,10.913961374910807,1.2188658169714257,3.2216918933623786,3.939963429774037,4.455213208274413,,,,
01/01/2012,91.327,01,2012,6.238181818181818,0.889090909090909,11.594545454545456,18.14814814814815,1.3241935483870966,7.144444444444445,950.1387096774193,946.1161290322581,,1.697982562085012,2.3425747726927657,2.6496273799395365,19.058408145336845,1.0247247505471524,3.4009802508492553,4.872622662684151,5.517372368207792,,,,
01/02/2012,92.414,02,2012,5.7620689655172415,-0.8396551724137932,12.35689655172414,12.929824561403509,2.117241379310345,10.943859649122807,947.596551724138,943.9724137931034,,3.735595848862335,3.433832683249393,5.011604500888037,14.711341165823159,1.1070963968606906,4.3958997755968845,2.9204308339965435,3.645241178746809,,,,
01/03/2012,95.724,03,2012,11.319642857142856,4.848214285714286,17.773214285714285,17.446428571428573,1.8089285714285714,8.641071428571427,948.1225806451613,944.3064516129032,,3.0678639084938175,2.8027253665886502,4.360045498988142,14.871473171334248,0.8724629266860332,2.506629521577043,3.3511898063642582,3.4800321343220166,,,,
01/04/2012,83.554,04,2012,11.278181818181817,6.3945454545454545,16.181818181818183,24.333333333333332,2.832727272727273,12.057407407407409,935.4366666666666,931.0233333333333,,2.3027914549191135,2.3262128005120237,3.3283902743190765,8.332704378780695,1.2214221440075719,2.647433919702129,3.9059179973853744,3.497751330185697,,,,
01/05/2012,93.174,05,2012,18.936666666666667,12.085,25.78666666666667,20.366666666666667,2.075,9.646666666666667,941.1129032258065,937.4645161290323,,5.073759902480859,4.262402640669513,6.261977449809358,9.14843075673279,0.8689805053302793,2.2423101485432135,4.302072518797135,4.360470034839254,,,,
01/06/2012,89.098,06,2012,24.03157894736842,17.094736842105263,30.966666666666665,23.589285714285715,2.478333333333333,11.0375,940.8566666666667,937.4266666666666,,3.390119988117617,3.4290471944337746,3.973228865676835,8.062881924911522,0.9839546059990097,2.4111530625219735,2.7283547313774705,2.709362227196827,,,,
01/07/2012,74.601,07,2012,25.735185185185188,17.975925925925928,33.48148148148148,22.88888888888889,2.1462962962962964,10.933333333333334,941.6451612903226,937.3290322580646,,2.046364231712669,2.3537954244304826,2.4407757871313835,17.531283807801568,0.7572823712442699,2.442856354723159,3.575270498827321,3.0622642546964376,,,,
01/08/2012,52.856,08,2012,26.179310344827588,18.75,33.61896551724138,21.413793103448278,2.081034482758621,9.755172413793103,942.0645161290323,938.4677419354839,,3.0758686475667467,3.2258413835120514,3.6216918066905857,7.746044792108751,0.8820742890605404,2.942022959216835,3.0146916245941155,2.882057956481118,,,,
01/09/2012,78.213,09,2012,20.671929824561403,14.538596491228072,26.80526315789474,15.181818181818182,2.0396551724137932,9.654545454545454,941.5266666666666,937.8933333333333,,3.8392593401204023,3.2108495975122557,5.2032414709016965,8.726483550177308,0.9395668384527761,3.1188090189958246,2.938089143659873,3.3782196222406773,,09,2012,0.0
01/10/2012,93.82,10,2012,14.489285714285714,9.648214285714285,19.317857142857143,33.732142857142854,1.5589285714285714,7.828571428571428,939.5129032258066,934.8645161290323,,4.298104384342163,4.169455646677441,5.15470154829046,29.422620284665072,0.8486945666919681,2.990148326251896,5.018282703308227,6.481797507229778,,10,2012,1.0
01/11/2012,86.184,11,2012,9.357142857142858,5.9624999999999995,12.762500000000001,50.09090909090909,1.8499999999999999,8.752727272727274,940.4241379310345,935.696551724138,,2.4923779913865496,3.153962154612397,2.37736007140082,38.32911702767509,1.1433602788590862,3.5051208329916457,4.467793892516761,5.160044487531129,,11,2012,2.0
01/12/2012,80.81,12,2012,6.251666666666667,2.5050000000000003,10.003333333333334,50.32203389830509,1.2622950819672132,6.41864406779661,946.4774193548387,941.6935483870968,,2.9748375068380453,3.9661459326809996,2.828604894593361,36.8540648008284,1.1642113116363697,3.238692508440937,4.872351224164054,5.264594665237549,,12,2012,3.0
01/01/2013,84.06,01,2013,6.156451612903226,2.22741935483871,10.087096774193547,55.1,1.903225806451613,10.458333333333334,945.0709677419355,939.6064516129032,,2.2364067321019228,2.6268580842955878,3.0369032906957387,33.99536359215345,1.4792518868998885,5.471475854154788,8.89468731128824,11.492952492255748,,01,2013,2.0
01/02/2013,83.256,02,2013,6.2682926829268295,2.136585365853658,10.399999999999999,39.80952380952381,2.455813953488372,11.088095238095239,942.4250000000001,937.0642857142857,,2.4166546116884646,2.829642742252189,2.9793455657241226,35.84195531417506,1.4435904849963832,3.8751366541413037,5.554152600632337,6.109507726166211,,02,2013,0.0
01/03/2013,79.521,03,2013,9.053333333333335,5.076666666666667,13.031666666666666,53.85,2.466666666666667,11.388333333333332,933.7,927.5451612903227,,2.2320824560027983,3.024609046968822,2.0575196246086485,33.791396457919156,1.174830195688111,3.842407952060335,4.679672353203077,5.079884428454205,,03,2013,3.0
01/04/2013,90.665,04,2013,11.987499999999999,6.678571428571429,17.305357142857144,50.0,2.794642857142857,11.196363636363635,939.9633333333334,935.66,,3.859065478018786,3.283828933962984,4.9068938385558285,37.081991236637684,1.107892289293199,2.9956736481233404,5.509958591329009,6.0454941898905465,,04,2013,0.0
01/05/2013,86.82,05,2013,14.557627118644067,8.45593220338983,20.672881355932205,51.41379310344828,2.1813559322033895,10.301724137931034,939.7870967741936,936.2516129032258,,3.498236175749269,3.2514861952779355,4.49009755321697,36.6055476970644,0.8854133218098429,2.31520461596661,4.668314609184174,5.299425815925202,,05,2013,3.0
01/06/2013,83.062,06,2013,21.61521739130435,14.354347826086956,28.87608695652174,43.416666666666664,1.6381818181818182,9.81875,942.3766666666667,938.9366666666666,,3.5024415224750696,2.8212453138238343,4.663007364476214,35.91469404334318,0.9129705096634564,2.854161295744804,3.519079359751633,3.2745079475931496,,06,2013,0.0
01/07/2013,71.865,07,2013,26.967741935483872,19.700000000000003,34.229032258064514,11.806451612903226,1.9,9.161290322580646,942.3,938.5903225806452,,2.298522276077051,2.3645607501148307,2.889630250144285,9.934516780191876,0.603876367037713,2.2216626535629924,2.896434589859306,2.9658449991764004,,07,2013,0.0
01/08/2013,48.479,08,2013,26.403225806451612,18.96451612903226,33.83387096774193,12.225806451612904,1.9709677419354839,9.425806451612903,941.8967741935484,938.2258064516129,,2.406069357157907,2.6375035870813046,2.7701537832903327,9.66681497846923,0.6181658614466383,1.7699280101999408,2.758318796050434,2.634004270046606,,08,2013,1.0
01/09/2013,76.889,09,2013,22.214000000000002,15.866,28.566,43.54,1.05,6.32,942.2866666666666,938.5300000000001,,2.072660717285776,2.0692707973228304,3.2529176856151416,37.5315975722661,0.8931946093486524,3.4358256590205034,3.937506066406617,3.682123637625243,,09,2013,0.0
01/10/2013,93.113,10,2013,16.35967741935484,11.266129032258064,21.453225806451613,17.096774193548388,1.506451612903226,7.535483870967742,943.0516129032258,939.2612903225806,,2.670510461268418,3.3813831464472845,3.200549017551416,9.900689668602816,0.7080185891490739,2.0499672171519845,3.2664834269432235,3.8541473263101147,,10,2013,1.0
01/11/2013,86.745,11,2013,9.129999999999999,4.11,14.165,15.133333333333333,1.84,9.99,944.19,940.33,,4.1473413987717604,4.6551120068812715,4.348848474119031,12.931472789506502,0.8822385321364098,3.2203394552277493,4.292764562168152,5.009105502086592,,11,2013,2.0
01/12/2013,82.595,12,2013,5.940677966101695,0.8338983050847458,11.03728813559322,26.0,1.563157894736842,8.275675675675675,949.1322580645161,943.8129032258065,,1.595372472352654,3.04453213491241,2.2472894251462248,31.83813227352802,1.0020036825285892,4.185252242856616,5.4811426483154575,8.138498712313204,,12,2013,3.0
01/01/2014,84.047,01,2014,7.775806451612904,4.348387096774194,11.198387096774193,53.067796610169495,1.9532258064516128,10.001694915254237,940.8451612903226,935.3193548387097,,1.9403975833826015,2.3430918298499233,2.5942238446009918,34.191582149543095,1.3171899724737526,4.15304174051044,6.408423556001765,7.801598953840089,,01,2014,2.0
01/02/2014,82.139,02,2014,7.135185185185185,3.2666666666666666,10.994444444444445,54.574074074074076,2.2464285714285714,11.11111111111111,942.0464285714286,934.7392857142858,,2.214204351105747,2.395672198573684,2.914143562764627,32.81888656192073,1.4019420667208606,4.502270566233479,3.699197324631556,7.156211458157328,,02,2014,0.0
01/03/2014,86.016,03,2014,11.004918032786884,5.3213114754098365,16.69344262295082,53.440677966101696,1.6048387096774193,9.222033898305085,942.6387096774193,938.1612903225806,,2.5078161967143315,2.7859238296657454,3.531093732941632,36.193098592678325,1.426727014379052,4.87106402723797,5.237663437026987,6.262197559928113,,03,2014,0.0
01/04/2014,81.458,04,2014,15.887931034482758,9.598275862068967,22.17758620689655,23.533333333333335,1.9899999999999998,9.783333333333333,940.2366666666666,935.8166666666667,,3.038413574185038,2.3650593538273914,4.322525378795679,6.2407632895970035,0.7858007117715594,2.4905453402726927,4.684419025791277,5.860862790040225,,04,2014,2.0
01/05/2014,85.435,05,2014,17.79516129032258,11.196774193548388,24.396774193548385,15.258064516129032,2.3,10.070967741935483,940.7064516129033,936.9516129032259,,2.850851320614156,2.8776110163276623,3.6188924916621064,11.630327430000941,0.7810249675906655,2.5511034930512055,3.691335393763012,3.9335201340734907,,05,2014,3.0
01/06/2014,81.087,06,2014,22.0864406779661,15.154237288135594,29.001694915254237,16.7,1.9833333333333334,9.9,941.0633333333334,937.5633333333334,,2.0401536138173393,2.453240083693562,2.6421315536319985,10.27601828161754,0.7168337148269769,2.4170372288231805,2.39085662520756,2.0912763522808526,,06,2014,1.0
01/07/2014,73.113,07,2014,24.578333333333333,17.408333333333335,31.746666666666666,16.451612903225808,2.0483870967741935,10.406451612903227,940.7225806451613,937.3580645161289,,3.335331745585041,3.1420220018145972,4.234621895620678,8.751528284352851,0.8374051061630547,2.0524676991158666,2.2945892410072606,2.1481424834103584,,07,2014,0.0
01/08/2014,48.679,08,2014,25.353225806451615,18.241935483870968,32.46612903225807,20.64516129032258,2.009677419354839,9.067741935483872,940.183870967742,937.2548387096774,,1.6090642573375207,1.9872997073710288,2.048985638556834,11.050032841872081,0.6554158164654852,1.9627170108082648,2.2131571376947257,2.031065190103842,,08,2014,1.0
01/09/2014,79.229,09,2014,22.17924528301887,16.258490566037736,28.09433962264151,24.2,1.7333333333333334,8.58,940.7071428571428,937.6821428571428,,3.115245297822037,2.397549547275315,4.160686661817129,17.66430259610881,0.616627833508569,2.4869868210901043,3.170924455858599,3.565789463408411,,09,2014,0.0
01/10/2014,93.519,10,2014,18.003508771929827,12.764912280701754,23.25438596491228,20.612903225806452,1.532258064516129,7.712903225806452,942.7451612903226,939.558064516129,,2.2011332237444616,2.33639612805019,3.3481375513345695,17.991993440333097,0.8105089334379948,2.5950904846759997,4.535698307844668,5.224989581715155,,10,2014,1.0
01/11/2014,84.571,11,2014,10.822222222222221,7.270370370370371,14.377777777777778,17.033333333333335,1.8833333333333333,9.133333333333333,936.61,931.45,,2.4479230061472843,2.7741821592480953,2.7916767577025903,11.67219901668308,0.8566507892441609,3.060688826384352,6.13364660619235,7.835320119772403,,11,2014,2.0
01/12/2014,84.335,12,2014,6.948979591836735,1.9346938775510203,11.959183673469388,9.451612903225806,1.1419354838709677,7.741935483870968,948.0967741935484,943.8064516129032,,1.80302089664582,2.864840820214985,1.932929379567333,9.226189931123317,0.7297370273134411,3.880959863534483,7.183522064232242,7.7356290622836195,,12,2014,3.0
01/01/2015,81.509,01,2015,5.916666666666667,0.4083333333333333,11.415,14.483870967741936,1.474193548387097,8.061290322580644,948.9516129032259,943.1354838709677,,2.1320131861667035,2.796686396838209,3.151530432630567,12.148720008686608,1.3147795105227045,4.293380751758442,9.058582338230188,11.304852892662138,,01,2015,2.0
01/02/2015,81.277,02,2015,6.818181818181818,2.6,11.038181818181819,17.214285714285715,2.517857142857143,10.557142857142859,943.2642857142857,937.8178571428572,,2.8010640113998817,2.8173404848202868,3.4588850113707923,12.84193692226153,1.0794558201820341,3.3483471402213607,6.285799061477337,7.471231420709696,,02,2015,0.0
01/03/2015,86.93,03,2015,11.336842105263159,5.254385964912281,17.431578947368422,11.419354838709678,2.174193548387097,9.029032258064515,944.7645161290322,940.8645161290323,,3.8019558678465253,3.5348807908490754,5.52672590672998,11.421541616753222,1.3198403292154908,2.9923450723902256,6.919178582611116,7.306688642930579,,03,2015,1.0
01/04/2015,85.895,04,2015,14.608620689655172,8.836206896551724,20.387931034482758,20.933333333333334,2.3066666666666666,10.303333333333335,943.95,939.4966666666667,,2.0913593734789138,2.2882382923897198,3.083292702598499,23.017135046463242,0.9187447708819836,3.3935520332387497,4.28290507273614,4.683830095959508,,04,2015,2.0
01/05/2015,86.617,05,2015,20.03921568627451,12.758823529411766,27.323529411764707,20.47222222222222,2.5,10.308333333333334,943.3451612903226,938.7322580645161,,3.2956382344773547,3.140202316449578,4.130210078690628,21.757738999013807,0.8984554647962367,2.744487982432113,3.5423945488588195,3.9297486854992107,,05,2015,3.0
01/06/2015,82.828,06,2015,24.34285714285714,17.322448979591837,31.367346938775512,17.816326530612244,1.9551020408163264,9.693877551020408,942.62,938.9366666666666,,4.294182110716777,3.612320659107893,5.3724756768141075,14.809447251371552,0.6513003737683162,1.9822554665566885,2.9580282342267865,2.8071931414374283,,06,2015,1.0
01/07/2015,73.549,07,2015,29.364406779661017,21.9,36.81864406779661,22.220338983050848,2.135,9.866101694915255,941.0677419354838,937.7096774193549,,1.5717070350708418,1.7880831578286143,2.153223291612318,17.056769104871606,0.6166681936154557,1.626569286766552,2.463112813328457,2.3997714944982413,,07,2015,0.0
01/08/2015,51.37,08,2015,25.438709677419357,18.324193548387097,32.561290322580646,21.967741935483872,2.032258064516129,10.591935483870968,941.183870967742,937.5290322580646,,2.524915505076094,2.503681583213335,3.2366424030897503,19.627655081488587,0.8101354255436449,2.9357769595841536,2.1940976541916015,2.112375211049894,,08,2015,1.0
01/09/2015,81.104,09,2015,20.255,13.945,26.56833333333333,22.533333333333335,1.7816666666666667,9.095,941.5366666666666,937.81,,2.220812570789411,2.6979229298838803,2.9291921525681217,22.6539678618781,0.8599352885915148,2.7806489304794066,3.3703047374070545,3.712639176539015,,09,2015,0.0
01/10/2015,93.229,10,2015,15.520338983050848,10.71864406779661,20.32542372881356,19.29310344827586,1.5433333333333332,7.75,940.9166666666666,937.3833333333333,,2.3558276721866434,3.2039025005759707,2.70469535669559,17.686359716578153,0.9751778050245142,2.639660398146675,3.2961925091643507,3.350767625210837,,10,2015,1.0
01/11/2015,90.353,11,2015,11.731666666666666,6.278333333333333,17.18166666666667,25.083333333333332,1.23,6.735,949.6066666666667,945.2,,3.068511021164116,3.8938061056889515,3.412811936033754,28.864553164366345,0.9807122973479488,3.4225981309674225,4.623547923651147,5.720742657358759,,11,2015,2.0
01/12/2015,87.234,12,2015,9.210169491525424,4.4847457627118645,13.952542372881357,21.966666666666665,0.8677419354838709,5.008333333333334,953.2193548387097,949.5451612903227,,1.488541859448047,2.735199265219241,2.104785674419738,27.35638410704947,0.49713084781768496,1.553595247189691,2.825764717126884,2.996980559349383,,12,2015,3.0
01/01/2016,83.218,01,2016,8.025806451612903,4.47741935483871,11.58548387096774,21.580645161290324,1.9387096774193548,9.035483870967743,946.7193548387097,941.7161290322581,,2.6503284970457486,3.1983817298926427,2.799932480110585,13.235011178250618,1.5407422991414979,4.782073655910714,7.268856826894513,8.737165702682388,,01,2016,2.0
01/02/2016,88.629,02,2016,8.069642857142856,3.7017857142857147,12.424999999999999,21.563636363636363,2.6912280701754385,11.676363636363638,945.2068965517242,938.3068965517242,,2.436011616844756,3.3377450783114355,2.378024390118823,21.64936372032558,1.507988336180071,4.626852527341271,8.115942469454035,9.439693209091773,,02,2016,0.0
01/03/2016,86.352,03,2016,9.298181818181817,3.7236363636363636,14.863636363636363,19.745454545454546,2.2966101694915255,10.623636363636363,940.9354838709677,936.1516129032258,,1.8887082504237802,2.40977666372292,2.557296289006088,10.787884462602072,1.0096032169901537,3.2516072172003643,3.87922229208355,5.017693425452376,,03,2016,2.0
01/04/2016,89.035,04,2016,11.901754385964912,6.852631578947369,16.94561403508772,18.08823529411765,2.1411764705882352,10.15,938.9166666666666,934.5066666666667,,2.0276209870604314,2.4106241977040703,3.1439323747406474,17.52464523837324,0.7954863757318817,2.6056174746578633,3.340873655439412,4.057001893987231,,04,2016,0.0
01/05/2016,90.548,05,2016,15.764516129032257,9.938709677419356,21.59193548387097,22.548387096774192,1.7935483870967743,9.254838709677419,940.1129032258065,936.0225806451613,,3.104153577734488,2.871987650020805,4.546059305473718,23.025838688565244,0.6010743070375285,2.539795097992148,5.461241735202971,5.39015829559884,,05,2016,3.0
01/06/2016,87.908,06,2016,23.36,15.703333333333335,31.009999999999998,23.966666666666665,2.1333333333333333,10.076666666666666,941.8933333333333,937.5666666666667,,3.693246240993167,3.764462131731827,4.147235141878733,22.507444490018507,0.6121377652768704,2.786504834986349,4.01977296779854,3.9673958568634538,,06,2016,0.0
01/07/2016,73.259,07,2016,27.711290322580645,20.067741935483873,35.35967741935484,19.903225806451612,1.9064516129032258,9.929032258064517,943.1741935483872,939.1709677419354,,2.541208234556986,3.0724996068267116,2.3777286087480225,23.71828385965797,0.6702912222166161,1.9978644512557397,2.08086003724987,1.7160407043321249,,07,2016,1.0
01/08/2016,56.428,08,2016,27.187096774193545,19.874193548387098,34.50806451612903,18.096774193548388,1.7225806451612902,8.95483870967742,943.7806451612903,940.1064516129032,,1.6401203345464312,1.8650306975780622,1.7757287478478694,23.325743773364337,0.5766048198546122,2.1963361475690104,2.932964297411823,2.680414829072881,,08,2016,1.0
01/09/2016,86.872,09,2016,22.53666666666667,15.501666666666667,29.581666666666667,26.06896551724138,1.4166666666666667,8.258620689655173,944.1433333333333,940.4533333333333,,4.54189412689101,4.166634689142831,5.445803598749973,27.254004993346207,0.5113088906025353,2.4265668342300444,3.536088169182096,3.140693239236917,,09,2016,0.0
01/10/2016,93.831,10,2016,16.70483870967742,11.332258064516129,22.067741935483873,20.548387096774192,0.9580645161290322,6.27741935483871,942.1935483870968,938.0677419354838,,2.663993515188952,2.7571530929951247,4.500629252672995,22.871873133723902,0.4039589034777235,1.9125392679923996,5.843739412617628,6.371100747216468,,10,2016,1.0
01/11/2016,91.909,11,2016,9.311666666666667,5.04,13.566666666666666,16.1,1.13,6.736666666666666,941.7433333333333,937.2566666666667,,2.5449912035189244,2.8311344076003007,3.537147498957109,10.793836044322898,0.7022869047274939,2.8366424219286177,6.389899536921867,7.313081492745728,,11,2016,2.0
01/12/2016,88.152,12,2016,8.011475409836065,3.7573770491803278,12.249180327868853,13.064516129032258,0.970967741935484,5.596774193548387,951.6967741935483,946.5193548387097,,1.881231720678036,3.3809495222690247,2.1895679140582107,23.641679979605183,1.0872575740173367,3.0196560368103453,6.299178987294859,6.896202788725522,,12,2016,3.0
01/01/2017,88.43,01,2017,5.766071428571428,0.8607142857142858,10.669642857142858,12.8,1.2066666666666668,8.173333333333334,946.3387096774194,942.1612903225806,,2.248011386716089,3.1461190274789246,2.6829373077659864,11.232342464569859,1.147090271928946,4.437219798503325,4.173701588067393,4.530097675131935,,01,2017,1.0
01/02/2017,89.6,02,2017,8.829411764705883,4.754901960784314,12.901960784313726,14.785714285714286,1.8678571428571427,9.639285714285714,944.3535714285715,938.7357142857143,,2.1937451189823367,2.5423071195660207,2.9747262190714916,10.754351893818829,1.4445436473870734,5.081217358199691,5.805073269251253,6.690414053826571,,02,2017,0.0
01/03/2017,99.17,03,2017,11.51774193548387,5.488709677419355,17.543548387096774,23.93548387096774,1.729032258064516,9.374193548387098,944.316129032258,939.2096774193549,,3.8266761759079855,3.221297205292123,5.127189527259548,16.153297875606224,1.0083628805765963,4.031208895764435,4.585418684932572,6.208346792220382,,03,2017,1.0
01/04/2017,84.207,04,2017,15.331666666666667,8.176666666666668,22.488333333333333,14.3,1.8433333333333333,9.703333333333335,942.9833333333333,938.87,,3.378621304749016,3.205152983824253,4.364342871563251,18.071028442385824,0.8633069272134405,3.0054528987220506,3.8724565252859575,4.165055780559547,,04,2017,2.0
01/05/2017,94.657,05,2017,19.596774193548388,12.904838709677419,26.280645161290323,22.133333333333333,1.87,9.08,941.5,936.5774193548388,,3.9236135795903837,4.012007690828109,4.509728598924755,23.076683759442847,0.7909618762337238,2.8642144015298565,4.871960590973632,5.354792848618231,,05,2017,3.0
01/06/2017,92.5,06,2017,26.146666666666665,18.85666666666667,33.43,24.25423728813559,2.052542372881356,10.540677966101695,941.36,937.2966666666667,,4.159101380561108,3.9527020008273617,4.620158482863944,19.125351671627197,1.068733690289489,2.9326414269961005,2.734151825867821,2.3480708638388914,,06,2017,0.0
01/07/2017,79.733,07,2017,26.30327868852459,18.795081967213115,33.8016393442623,24.37704918032787,2.0180327868852457,10.1,941.2900000000001,937.61,,3.5241059014126663,3.2944613231659097,4.440176115248836,21.155112805518378,0.7230740387911673,2.083026644092677,2.830541559002706,2.4779510445750117,,07,2017,0.0
01/08/2017,60.449,08,2017,26.352459016393443,19.37704918032787,33.31147540983606,20.016393442622952,1.7467741935483871,9.536065573770493,942.1866666666666,938.5966666666667,,3.4335407651275003,3.243937599205782,4.256567410510324,20.491048292102814,0.7595766167412992,2.609408156835904,2.1648816696711766,2.087975976432914,,08,2017,1.0
01/09/2017,87.558,09,2017,21.136666666666667,14.246666666666666,28.043333333333333,22.066666666666666,1.7116666666666667,8.646666666666667,943.4599999999999,939.5533333333333,,2.5375129066494275,3.115378294991471,2.9580322517274684,23.094402188179252,0.9915048768936815,2.565776498362245,3.032763619607337,2.977239329141763,,09,2017,0.0
01/10/2017,98.897,10,2017,18.124193548387098,11.36774193548387,24.875806451612902,20.532258064516128,1.1,6.970967741935484,947.1032258064516,943.3838709677419,,3.2648995407370847,3.6465467245433953,4.148698610244691,25.236402111609895,0.5468239144757872,1.8842215505086912,2.7095490240958116,3.5031506556425827,,10,2017,1.0
01/11/2017,96.364,11,2017,9.795,4.066666666666666,15.518333333333334,13.666666666666666,1.05,6.533333333333333,945.0166666666667,941.0566666666667,,2.7673903144555467,3.800386539959764,2.9864378001999774,15.272293143241695,0.8147995490209513,3.050738541684212,3.7982830361873465,4.41577761600637,,11,2017,2.0
01/12/2017,88.026,12,2017,6.411290322580645,1.5838709677419356,11.240322580645161,32.37096774193548,1.685483870967742,8.514516129032257,949.3064516129032,942.7161290322581,,2.398435613007128,3.329116140683545,2.497569945355039,30.393719083124072,1.2115356430950301,4.199994019285107,6.854046760071539,9.970225566628974,,12,2017,3.0
01/01/2018,93.147,01,2018,6.7379310344827585,2.4844827586206897,10.989655172413793,26.913793103448278,1.8103448275862069,8.13448275862069,948.0290322580646,942.5387096774194,,2.778477911363026,2.707805593331335,3.686423153746942,28.87376304497727,0.9786653380600261,3.2269996778354586,7.1037170339846805,8.735127452584944,,01,2018,2.0
01/02/2018,90.868,02,2018,5.908928571428571,0.9625,10.848214285714286,19.25,2.144642857142857,9.917857142857143,939.3571428571429,934.5749999999999,,2.7013987478351273,3.3226803254984594,3.418026600855505,24.55291132524725,0.9298914194399537,2.485895276288871,6.417881764975611,7.40013138021507,,02,2018,0.0
01/03/2018,92.223,03,2018,8.708064516129031,4.635483870967741,12.77258064516129,28.370967741935484,3.1322580645161286,13.035483870967743,,,,2.1012329235589564,2.2844518497516972,2.8325490666008286,15.620744793401553,1.265659187227188,4.163152051983247,,,,03,2018,2.0
01/04/2018,96.171,04,2018,12.898333333333333,7.691666666666666,18.11,18.625,2.451020408163265,10.143749999999999,938.7433333333333,933.4166666666666,,4.3450143518191195,3.6129846653550026,5.473191985347725,8.143983551377445,1.2150312837158406,2.93488962784967,5.40935864216263,6.752270797260795,,04,2018,0.0
01/05/2018,96.629,05,2018,16.766129032258064,10.76290322580645,22.774193548387096,17.24074074074074,1.7814814814814814,10.466666666666667,939.6161290322581,936.3032258064517,,2.6859649515179176,3.0719371722874205,3.005510539204473,15.427169350141051,0.7689920072391936,2.486415924768701,1.9087686736381761,1.8698456034242903,,05,2018,3.0
01/06/2018,93.037,06,2018,22.025,15.545,28.505,20.661016949152543,1.9864406779661017,9.13728813559322,940.44,937.06,,4.870966388646308,4.272276612957912,5.872903159888107,20.656142252150747,0.5197670655733247,1.305544978699904,2.798595706963487,2.8334942483040737,,06,2018,0.0
01/07/2018,79.733,07,2018,25.746774193548386,18.32741935483871,33.153225806451616,19.612903225806452,1.9016129032258065,9.7,940.8580645161289,937.6129032258065,,1.858760184527686,2.258910905059405,2.3693893342015464,13.720099935961704,0.6025878442141958,1.5651952164422727,1.8962725179586888,1.7433190443296893,,07,2018,0.0
01/08/2018,57.899,08,2018,27.595161290322583,20.20967741935484,34.96935483870968,13.032786885245901,1.7065573770491802,9.657377049180328,942.1548387096774,938.4645161290323,,2.1328367486776325,2.438873004807776,2.6472124967922275,9.425085699194382,0.6136961388339282,2.1604366083729043,2.0129313135619444,2.0403510134446172,,08,2018,1.0
01/09/2018,88.423,09,2018,23.945,17.416666666666668,30.48166666666667,14.616666666666667,1.28,7.785,944.59,940.9133333333334,,2.1428181190958364,2.285411854487668,2.810421988138511,17.627109001518438,0.5792455642720223,1.7382852450677766,3.660822406188936,3.3377396164360067,,09,2018,0.0
01/10/2018,103.928,10,2018,15.191935483870967,10.04516129032258,20.33225806451613,24.0,1.8951612903225807,8.530645161290321,940.8064516129032,936.2290322580644,,4.019513810706212,3.6724350888416915,5.237468234374452,28.48755840023075,1.1294024851924858,2.5231120979676334,6.086758057941335,6.492313072569603,,10,2018,1.0
01/11/2018,98.56,11,2018,10.206666666666667,6.515,13.891666666666667,23.133333333333333,1.7116666666666667,8.448333333333332,941.0533333333333,935.4,,2.450725708269928,3.2564317062740797,2.4390392430993266,16.05864956927265,0.9991677327616673,3.3641425062354124,5.393849200283781,5.997068249253669,,11,2018,2.0
01/12/2018,92.461,12,2018,7.441935483870967,2.7193548387096773,12.174193548387096,27.419354838709676,1.0870967741935484,5.819354838709677,950.6419354838711,946.7709677419356,,1.6171770979893447,2.3417688921318716,2.92977565771645,25.442669972207092,0.7627568357486066,3.094248430141836,3.829601736782202,4.710781502637451,,12,2018,3.0
01/01/2019,97.142,01,2019,6.258064516129032,0.5096774193548387,12.006451612903225,21.131147540983605,1.7919354838709676,8.318032786885245,945.2354838709678,940.4129032258064,,2.2643023307300996,3.32579139737086,2.866303438099261,18.21489812382167,1.6025899516552835,4.828509369592279,6.46717601363984,7.8429051562747905,,01,2019,2.0
01/02/2019,96.312,02,2019,8.748214285714285,2.0535714285714284,15.442857142857141,22.142857142857142,1.394642857142857,6.8999999999999995,948.6714285714286,944.0892857142857,,2.259685502769925,2.8578417976262687,3.272577918669966,20.669194092068143,0.9903937954823175,3.6192415076793494,6.465455622159723,8.079252774658372,,02,2019,0.0
01/03/2019,103.229,03,2019,11.904838709677419,5.112903225806452,18.69516129032258,19.451612903225808,2.0306451612903227,9.359677419354838,947.2903225806451,942.6322580645161,,2.0377122674789914,2.619253045253816,3.299648636006559,20.108457905148008,1.01554938853311,3.2211625880768615,4.351731826810201,5.032387577600006,,03,2019,0.0
01/04/2019,92.442,04,2019,12.346666666666666,6.680000000000001,18.009999999999998,25.933333333333334,2.4566666666666666,10.84,938.1233333333333,933.0766666666666,,3.405353047560719,3.067809907265873,4.737076979011925,23.987190555262266,1.2574343891185153,3.450728245418467,6.126465107437025,6.611989284538378,,04,2019,2.0
01/05/2019,98.485,05,2019,18.285,11.305,25.267500000000002,17.934426229508198,2.3806451612903223,10.681967213114755,940.2838709677419,936.5225806451613,,2.769573696715518,2.780882538387354,3.5513368735933217,21.064875070805286,1.1003484857344832,2.927826736490243,3.9568587519388987,3.902196789623277,,05,2019,3.0
01/06/2019,95.771,06,2019,23.686666666666667,17.086666666666666,30.27,20.966666666666665,2.466666666666667,10.025,939.9966666666667,935.7633333333334,,4.650971966146976,4.289661455441309,5.266756510218697,12.499446315420952,0.955034237857589,2.332208162933626,2.3413057561279986,2.56561928174288,,06,2019,0.0
01/07/2019,84.211,07,2019,27.595000000000002,20.511666666666667,34.681666666666665,18.870967741935484,1.885483870967742,10.009677419354839,939.9387096774193,935.6096774193549,,2.4881703168038416,2.8221936213091734,2.7133375324444535,13.807201578942976,0.7242512864780414,2.1249269748238917,2.1900802754472815,2.121376100350847,,07,2019,0.0
01/08/2019,59.272,08,2019,25.68548387096774,18.572580645161292,32.81612903225806,21.419354838709676,1.8935483870967742,9.37258064516129,941.9290322580645,938.2870967741936,,2.32561268318579,2.48254030095158,2.979613438916672,22.175565039539467,0.9125483984904692,2.5518986409568876,2.3001729715229953,2.240348475198121,,08,2019,1.0
01/09/2019,93.195,09,2019,20.91166666666667,14.746666666666666,27.066666666666666,12.568181818181818,2.3000000000000003,10.211363636363636,943.5300000000001,940.0633333333334,,2.424737739910159,2.4005978539724584,3.54537974187876,9.741777038772243,0.9661720199286581,2.931323687750617,2.7101533230580843,2.917897605602654,,09,2019,0.0
01/10/2019,109.412,10,2019,15.89516129032258,10.38225806451613,21.416129032258063,29.870967741935484,1.538709677419355,7.629032258064516,942.6870967741935,938.4548387096773,,3.9389366718324523,3.4410027224036943,5.264455307816351,28.44027887285199,0.7083678043478254,2.946771515674637,2.9677985034347163,4.50908998281451,,10,2019,1.0
01/11/2019,101.717,11,2019,9.508474576271187,6.07457627118644,12.933898305084746,29.06382978723404,2.402127659574468,10.406382978723405,938.41,931.8366666666666,,3.188518634293836,3.7725228556853865,3.018655225226987,15.572277841978966,1.3430156465309748,3.1360043987962123,4.090725422557519,5.982127595990626,,11,2019,2.0
01/12/2019,91.535,12,2019,8.61774193548387,4.77741935483871,12.453225806451613,20.98076923076923,2.1037735849056602,9.361538461538462,944.9548387096773,939.4322580645162,,2.000944383063714,3.066819752614928,2.3916328013247106,21.598375378822475,1.73115815659199,5.033618503004157,7.229653689708683,9.507028526193123,,12,2019,3.0
